Response ID,Code,Weather/Climate,Hydrology,Ecology,Geomorphology,Land Use/Land Cover,Demographic,Socioeconomic,Social Capital & Identity,Human Built Capital,Institutional,Livelihood activities,Commodity Prices
R_1jHUagzOM3Ute3F,1,0,0,1,1,0,1,1,0,1,0,1,0
R_sUcdr75RGi1sOU9,1,0,0,0,0,0,0,0,0,1,0,0,0
R_247eFlR7OoqIQ7u,3,0,1,0,0,0,0,0,0,1,0,1,0
R_2OYWxv4LhjOPgmG,1,1,0,0,0,0,0,0,0,1,0,0,0
R_3I5ersqFv2pq84g,1,1,0,0,1,1,0,1,0,0,0,1,0
R_12mSccPMtjZFifH,1,0,0,0,0,0,1,0,0,0,0,0,0
R_eyyeL0F8n2uTWwR,2,1,0,0,0,0,1,0,0,0,0,0,0
R_3KDtGQLT3TQoqGh,1,1,1,0,1,0,0,1,0,0,0,0,0
R_3ezBBmc4uOXXDHk,2,1,1,1,0,1,0,1,0,1,0,1,1
R_2ro4zBRwo2m33eC,3,1,0,0,1,0,0,1,0,0,0,1,1
R_Rwu7K6hrHoYRdjH,1,0,1,1,0,0,0,0,0,0,0,1,1
R_2TTwjVNx0sMsCF8,1,1,0,1,1,0,0,0,0,0,1,1,1
R_3EhRbbbcAGABqaQ,0,0,0,0,0,0,0,0,0,0,0,0,0
R_2CkM06muKTcrtPL,0,0,0,0,0,0,0,0,0,0,0,0,0
R_cABceKFvOZaeU4t,0,0,0,0,0,0,0,0,0,0,0,0,0
R_3qkgQZRg796IWlW,0,0,0,0,0,0,0,0,0,0,0,0,0
R_2Y4hUeKGY8GzyiW,0,0,0,0,0,0,0,0,0,0,0,0,0
R_128UXCB9tR2fdgc,0,0,0,0,0,0,0,0,0,0,0,0,0
R_1jxfe1DvER5vtTQ,0,0,0,0,0,0,0,0,0,0,0,0,0
R_21v1dwESdHUSQHD,0,0,0,0,0,0,0,0,0,0,0,0,0
R_2E5DVfe6xiqtZ4r,0,0,0,0,0,0,0,0,0,0,0,0,0
R_DG2jEpSCr4Bd0xH,0,0,0,0,0,0,0,0,0,0,0,0,0
R_1OgMYru674WKBGx,0,0,0,0,0,0,0,0,0,0,0,0,0
R_2CWbClyHQtE07Af,0,0,0,0,0,0,0,0,0,0,0,0,0
R_3nwltUTiYjVwih8,0,0,0,0,0,0,0,0,0,0,0,0,0
R_3mlqMkQIbh1NZ5q,0,0,0,0,0,0,0,0,0,0,0,0,0
R_1P6ve98uR8uJav2,1,0,0,1,0,0,0,0,0,0,0,0,0
R_OPCqNLSgygngpTH,2,1,1,0,0,0,0,0,0,0,0,0,0
R_wTtgQQD1IgPhksh,0,0,0,0,0,0,0,0,0,0,0,0,0
R_2397ajYQTVKXlJU,1,1,0,0,0,1,0,0,0,1,0,0,0
R_2tJ8MPQvM8tAVFw,1,0,0,1,0,0,0,0,0,0,1,0,1
R_2rBdARIECbsRsIk,0,0,0,0,0,0,0,0,0,0,0,0,0
R_29ieVKQEFyLxwvf,0,0,0,0,0,0,0,0,0,0,0,0,0
R_XSPYFPhJOZ9Fc1X,0,0,0,0,0,0,0,0,0,0,0,0,0
R_1FmFh6gDzpKGCSN,0,0,0,0,0,0,0,0,0,0,0,0,0
R_2sNIhSJshr1Yvch,0,0,0,0,0,0,0,0,0,0,0,0,0
R_9TPHwLvWnoXvydH,0,0,0,0,0,0,0,0,0,0,0,0,0
R_V5aKyZPD9ruWcUx,0,0,0,0,0,0,0,0,0,0,0,0,0
R_2WMyUhhmfNme6IZ,0,0,0,0,0,0,0,0,0,0,0,0,0
R_bpaH32BtOz43zsR,0,0,0,0,0,0,0,0,0,0,0,0,0
R_2QxmJh48WU2JI4F,0,0,0,0,0,0,0,0,0,0,0,0,0
R_2Yc58NqnWVUu7Tr,0,0,0,0,0,0,0,0,0,0,0,0,0
R_0vquCCtoAcW9XEh,0,0,0,0,0,0,0,0,0,0,0,0,0
R_1cTcl8FU5cTXHkR,0,0,0,0,0,0,0,0,0,0,0,0,0
R_DOSwDZ7y59PdFbr,0,0,0,0,0,0,0,0,0,0,0,0,0
R_3QS04c1T87ltU2p,0,0,0,0,0,0,0,0,0,0,0,0,0
R_O3wEi39LtcV2qtz,0,0,0,0,0,0,0,0,0,0,0,0,0
R_1n7yR8vxClmW6XH,0,0,0,0,0,0,0,0,0,0,0,0,0
R_2ykm2PhB5LAwLxv,0,0,0,0,0,0,0,0,0,0,0,0,0
R_1q9iFfhhOxwk0vu,0,0,0,0,0,0,0,0,0,0,0,0,0
R_PFzJFTrw6Rb6QBH,0,0,0,0,0,0,0,0,0,0,0,0,0
R_2dp7na0uUbbRwNZ,0,0,0,0,0,0,0,0,0,0,0,0,0
R_2CC8ENvp9Ms9Ry3,0,0,0,0,0,0,0,0,0,0,0,0,0
R_3s48LkqeJcFyrQM,0,0,0,0,0,0,0,0,0,0,0,0,0
R_1kHcwxSYx1VDYbo,0,0,0,0,0,0,0,0,0,0,0,0,0
R_1pMSdQoAoiAWTf0,0,0,0,0,0,0,0,0,0,0,0,0,0
R_1puJf4AlJMblqnd,0,0,0,0,0,0,0,0,0,0,0,0,0
R_1Q48jxBN88jgrtB,0,0,0,0,0,0,0,0,0,0,0,0,0
R_3JxAc3Y1ayITy8Q,0,0,0,0,0,0,0,0,0,0,0,0,0
R_1KwKJ1niy9KjJiw,0,0,0,0,0,0,0,0,0,0,0,0,0
R_3ELIJyngcnDdiM1,0,0,0,0,0,0,0,0,0,0,0,0,0
R_1LA9o1SrVzgYEHI,0,0,0,0,0,0,0,0,0,0,0,0,0
R_3nOzWGhAu8WPZE6,0,0,0,0,0,0,0,0,0,0,0,0,0
R_AEzEBBxjZzTliwx,0,0,0,0,0,0,0,0,0,0,0,0,0
R_2wtUmZkDuGwygGm,0,0,0,0,0,0,0,0,0,0,0,0,0
R_D2Du7rx8uZ7jsOd,0,0,0,0,0,0,0,0,0,0,0,0,0
R_2a9TYAKvCQ0brGM,0,0,0,0,0,0,0,0,0,0,0,0,0
R_BP9yB00n7kROqGZ,0,0,0,0,0,0,0,0,0,0,0,0,0
R_2fuKFDn6uanZXWV,1,0,1,0,1,2,1,0,1,0,0,1,0
R_0MzKA2pE56qWvE9,0,0,0,0,0,0,0,0,0,0,0,0,0
R_2frPtKcPnwojT2C,0,0,0,0,0,0,0,0,0,0,0,0,0
R_1HcLOFUDb7O3RXf,0,0,0,0,0,0,0,0,0,0,0,0,0
R_1NtgBxTJlshNgzs,0,0,0,0,0,0,0,0,0,0,0,0,0
R_2wFePGZ2u5rgoMP,0,0,0,0,0,0,0,0,0,0,0,0,0
R_2ZOdTRYwvrZ5ulg,0,0,0,0,0,0,0,0,0,0,0,0,0
R_1Id8x5gH8H0yoDv,0,0,0,0,0,0,0,0,0,0,0,0,0
R_brpvHeJ4RPG4Byx,0,0,0,0,0,0,0,0,0,0,0,0,0
R_1QnBH3mRAeq9bxO,0,0,0,0,0,0,0,0,0,0,0,0,0
R_T1aYlnlj0GalY0F,0,0,0,0,0,0,0,0,0,0,0,0,0
R_3q8dlrQFYzJvW9R,0,0,0,0,0,0,0,0,0,0,0,0,0
R_22KqPqGRlRCTLgF,0,0,0,0,0,0,0,0,0,0,0,0,0
R_2PaEHr7oczmW79b,1,0,0,0,0,0,0,1,0,0,0,0,0
R_31N470sHPEKNByc,0,0,0,0,0,0,0,0,0,0,0,0,0
R_6AykUTuPhqZFf8t,0,0,0,0,0,0,0,0,0,0,0,0,0
R_21HhjYJl375IgP6,0,0,0,0,0,0,0,0,0,0,0,0,0
R_cObIGjGCQxVUkhP,0,0,0,0,0,0,0,0,0,0,0,0,0
R_u51VdAvjiQTTpId,0,0,0,0,0,0,0,0,0,0,0,0,0
R_3G9OxPpcCY5fzYl,0,0,0,0,0,0,0,0,0,0,0,0,0
R_s83SvwYllKq55w5,0,0,0,0,0,0,0,0,0,0,0,0,0
R_2qaTNyAu6Vrtmlw,0,0,0,0,0,0,0,0,0,0,0,0,0
R_2dQuj6eGk25dJDy,0,0,0,0,0,0,0,0,0,0,0,0,0
R_2QmIcOc4iP4G8td,0,0,0,0,0,0,0,0,0,0,0,0,0
R_1jHOBWepKjUJYzF,0,0,0,0,0,0,0,0,0,0,0,0,0
R_3e9vsgCPPiyxiWO,0,0,0,0,0,0,0,0,0,0,0,0,0
R_0ibPn6LWrzVUDiF,1,0,0,0,0,0,1,0,0,0,0,0,0
R_3Jmf3Hn22vvtJIT,0,0,0,0,0,0,0,0,0,0,0,0,0
R_1i9gpAeFAjTkfwS,0,0,0,0,0,0,0,0,0,0,0,0,0
R_2agXHlmb8Di5MFd,0,0,0,0,0,0,0,0,0,0,0,0,0
R_3NyaIlSGXmN0l6x,0,0,0,0,0,0,0,0,0,0,0,0,0
R_3oSHJ1Bqy5ldmKV,0,0,0,0,0,0,0,0,0,0,0,0,0
R_s7D3WMdfbdwOzE5,0,0,0,0,0,0,0,0,0,0,0,0,0
R_1CpcTM1FQMUXYGE,0,0,0,0,0,0,0,0,0,0,0,0,0
R_2qgtsK5FFDtTGYY,0,0,0,0,0,0,0,0,0,0,0,0,0
R_1GyuMdFyp6oJb5M,0,0,0,0,0,0,0,0,0,0,0,0,0
R_2B537gzaBqWAkcn,1,0,0,1,1,1,1,1,0,0,1,1,0
R_3oMkSBdNw7bRn8C,0,0,0,0,0,0,0,0,0,0,0,0,0
R_2uCG4OuHsbNmXSd,0,0,0,0,0,0,0,0,0,0,0,0,0
R_3EElBTypkTLTxKl,0,0,0,0,0,0,0,0,0,0,0,0,0
R_e35mmJdcup0JBEl,0,0,0,0,0,0,0,0,0,0,0,0,0
R_8csmuRC38akEhnX,1,0,1,0,0,0,1,1,1,0,0,1,0
R_5iq4iwFNb5Dutbj,0,0,0,0,0,0,0,0,0,0,0,0,0
R_2vdMTF0k8g700De,0,0,0,0,0,0,0,0,0,0,0,0,0
R_5w16GNaf5ugsPaJ,0,0,0,0,0,0,0,0,0,0,0,0,0
R_ZwoWS4JLbyhgDFT,0,0,0,0,0,0,0,0,0,0,0,0,0
R_Wx4CIDYu7oDLe9P,0,0,0,0,0,0,0,0,0,0,0,0,0
R_pnKu8dJVWNeaxup,0,0,0,0,0,0,0,0,0,0,0,0,0
R_27E9BigxRxeV6oU,0,0,0,0,0,0,0,0,0,0,0,0,0
R_2yjuw2rKOb7E10V,0,0,0,0,0,0,0,0,0,0,0,0,0
R_3DbjElr1uys2dbu,0,0,0,0,0,0,0,0,0,0,0,0,0
R_3sh0WPcTI6c20zn,0,0,0,0,0,0,0,0,0,0,0,0,0
R_2rrc1KfkDoPxMFF,0,0,0,0,0,0,0,0,0,0,0,0,0
R_yV1Cf8mho0c1uaR,0,0,0,0,0,0,0,0,0,0,0,0,0
R_r8yr2fKLn0yFVq9,0,0,0,0,0,0,0,0,0,0,0,0,0
R_2SdDqXPtl1EREkp,0,0,0,0,0,0,0,0,0,0,0,0,0
R_RVo5Ms7aYBbKxtD,0,0,0,0,0,0,0,0,0,0,0,0,0
R_1LNCD3cLWkHuLSq,0,0,0,0,0,0,0,0,0,0,0,0,0
R_2QQDWJ7j7XEngtQ,1,0,0,1,1,0,0,0,0,0,0,1,0
R_6M5Uee5oKUZ7gxL,0,0,0,0,0,0,0,0,0,0,0,0,0
R_31Le5xQlqnghY45,0,0,0,0,0,0,0,0,0,0,0,0,0
R_1GJSdz12omW8uaG,0,0,0,0,0,0,0,0,0,0,0,0,0
R_AbnCZJPkhEPAQdb,0,0,0,0,0,0,0,0,0,0,0,0,0
R_1jesaxBoCl2Ptuz,0,0,0,0,0,0,0,0,0,0,0,0,0
R_8q6vh2WiAIbFqcp,0,0,0,0,0,0,0,0,0,0,0,0,0
R_12mQZ0HJZ40RgWl,0,0,0,0,0,0,0,0,0,0,0,0,0
R_1FOHTXu5X09bho9,0,0,0,0,0,0,0,0,0,0,0,0,0
R_29n3HCMcd9Ixts6,0,0,0,0,0,0,0,0,0,0,0,0,0
R_3q82TiTFzp4WYhg,0,0,0,0,0,0,0,0,0,0,0,0,0
R_1DToqOBEsikKt1q,3,1,0,0,0,0,0,0,1,1,1,1,1
R_28M6XVD0akF6vCi,0,0,0,0,0,0,0,0,0,0,0,0,0
R_210SQBCk7fl8Ndm,3,0,0,0,1,1,1,1,0,0,0,0,0
R_w6StQnKE5FAQH7P,0,0,0,0,0,0,0,0,0,0,0,0,0
R_bNlVIbc45tJSnpD,0,0,0,0,0,0,0,0,0,0,0,0,0
R_33j5GePrgQXCp5F,0,0,0,0,0,0,0,0,0,0,0,0,0
R_d0UQp2D0pZH4Ydb,0,0,0,0,0,0,0,0,0,0,0,0,0
R_QhKKESpp95dB1PH,0,0,0,0,0,0,0,0,0,0,0,0,0
R_27JcPlp08aqG6b6,0,0,0,0,0,0,0,0,0,0,0,0,0
R_2X5Jx0G2PglDmkX,0,0,0,0,0,0,0,0,0,0,0,0,0
R_1gqJncYxr806ryf,0,0,0,0,0,0,0,0,0,0,0,0,0
R_3DwjqJOyDLLyNwf,0,0,0,0,0,0,0,0,0,0,0,0,0
R_9S24OAiB3NAJXPj,0,0,0,0,0,0,0,0,0,0,0,0,0
R_1rDlqiFcdBpIvCC,0,0,0,0,0,0,0,0,0,0,0,0,0
R_RPnlNEipFXi3j2x,3,0,0,1,0,0,0,0,1,0,1,0,0
R_2sXzJYtOI45ceHF,0,0,0,0,0,0,0,0,0,0,0,0,0
R_2qlacJEuKrMx2nd,0,0,0,0,0,0,0,0,0,0,0,0,0
R_3QPNwocvtHuRGmX,0,0,0,0,0,0,0,0,0,0,0,0,0
R_0T9Lnpz30BI2Ixj,0,0,0,0,0,0,0,0,0,0,0,0,0
R_2B9VyqJ2Tfx2cC7,0,0,0,0,0,0,0,0,0,0,0,0,0
R_2VKrlpUcFdMjUSS,0,0,0,0,0,0,0,0,0,0,0,0,0
R_2bWxlyEOjJeUBne,0,0,0,0,0,0,0,0,0,0,0,0,0
R_24NkgL08FNKu27C,0,0,0,0,0,0,0,0,0,0,0,0,0
R_1eJg9Q5aanzXBDj,0,0,0,0,0,0,0,0,0,0,0,0,0
R_1pEXAb8mXbfbklv,0,0,0,0,0,0,0,0,0,0,0,0,0
R_3DuoCwle3Y0pbB4,0,0,0,0,0,0,0,0,0,0,0,0,0
R_DwMzDfw7CxhtXup,2,0,0,1,0,0,0,0,0,0,0,0,0
R_2YE8jAu6LVGMABd,0,0,0,0,0,0,0,0,0,0,0,0,0
R_2TF61VpfFGwTUHo,0,0,0,0,0,0,0,0,0,0,0,0,0
R_phMqic9PUPdyX6h,0,0,0,0,0,0,0,0,0,0,0,0,0
R_1hz09nTiDwkaXdK,0,0,0,0,0,0,0,0,0,0,0,0,0
R_1qghyTxuQXuIU49,0,0,0,0,0,0,0,0,0,0,0,0,0
R_2qF1Mc52UKtE20x,0,0,0,0,0,0,0,0,0,0,0,0,0
R_2Yal9JxyIgmy6kA,0,0,0,0,0,0,0,0,0,0,0,0,0
R_3yKketEohXyMOoV,1,1,0,0,0,2,0,0,0,0,0,0,0
R_3LZMEtnJ1cmITDV,0,0,0,0,0,0,0,0,0,0,0,0,0
R_1LFi6UT91Eexvws,0,0,0,0,0,0,0,0,0,0,0,0,0
R_2QtkCQIMMtpr4tt,0,0,0,0,0,0,0,0,0,0,0,0,0
R_1mrsHZep7tDYcqr,0,0,0,0,0,0,0,0,0,0,0,0,0
R_1GK3TLMJBSBBCcU,0,0,0,0,0,0,0,0,0,0,0,0,0
R_3O9C9eeevP9pCl2,0,0,0,0,0,0,0,0,0,0,0,0,0
R_111kb3QEJi1Ub9t,0,0,0,0,0,0,0,0,0,0,0,0,0
R_29lYHwfklPVYT0h,0,0,0,0,0,0,0,0,0,0,0,0,0
R_1j9Q1CjaqyOXAWD,0,0,0,0,0,0,0,0,0,0,0,0,0
R_3mgAmGsTERi3RS8,0,0,0,0,0,0,0,0,0,0,0,0,0
R_1LB79cKxdUsyEWv,0,0,0,0,0,0,0,0,0,0,0,0,0
R_2ciUpGVt1vX18rO,0,0,0,0,0,0,0,0,0,0,0,0,0
R_3nPANkaYwKSZC9w,0,0,0,0,0,0,0,0,0,0,0,0,0
R_5gT0BQdHFMFzlbr,0,0,0,0,0,0,0,0,0,0,0,0,0
R_3fuUHDm28SsGXyx,0,0,0,0,0,0,0,0,0,0,0,0,0
R_25EnWcCpWIhQIUQ,0,0,0,0,0,0,0,0,0,0,0,0,0
R_1OCAH4aou4VSfj0,0,0,0,0,0,0,0,0,0,0,0,0,0
R_1IFbfLveD1yprkU,0,0,0,0,0,0,0,0,0,0,0,0,0
R_1juJqfflXjUqAo0,0,0,0,0,0,0,0,0,0,0,0,0,0
R_2wHsrIrStguJShO,0,0,0,0,0,0,0,0,0,0,0,0,0
R_2WGOe0wNdfbYwEg,0,0,0,0,0,0,0,0,0,0,0,0,0
R_1mkeEo8M7hYUwsx,3,0,0,0,0,1,1,1,0,0,0,0,0
R_3e3xuy6eVha0knJ,0,0,0,0,0,0,0,0,0,0,0,0,0
R_1n8Ea4cN1vZMmvo,0,0,0,0,0,0,0,0,0,0,0,0,0
R_O1DOuNmCKs3OGgF,1,0,0,1,1,1,1,1,0,0,0,1,0
R_RObs1ERKnApb9fj,0,0,0,0,0,0,0,0,0,0,0,0,0
R_aYlPFW6afkuEQfP,0,0,0,0,0,0,0,0,0,0,0,0,0
R_U9MMFf67ElmGI6Z,0,0,0,0,0,0,0,0,0,0,0,0,0
R_2QizN7uUpQY0Tsv,0,0,0,0,0,0,0,0,0,0,0,0,0
R_3I5WmbmcGfqu2Ux,0,0,0,0,0,0,0,0,0,0,0,0,0
R_1GOGHDozJUsaOQL,0,0,0,0,0,0,0,0,0,0,0,0,0
R_usmYdBAUVqMIFoZ,0,0,0,0,0,0,0,0,0,0,0,0,0
R_3GANwrXJZy7bO5w,0,0,0,0,0,0,0,0,0,0,0,0,0
R_2xwO8cDJyH2e17I,0,0,0,0,0,0,0,0,0,0,0,0,0
R_3KZmzdUasKSyNjb,3,0,0,1,0,0,1,0,0,0,0,1,0
R_RVbcpqq5ZUVIo8h,0,0,0,0,0,0,0,0,0,0,0,0,0
R_YR2GAbaAKx286B3,0,0,0,0,0,0,0,0,0,0,0,0,0
R_3mjx6KtqDwP4KhW,0,0,0,0,0,0,0,0,0,0,0,0,0
R_3pccuuCEv1jqDvc,0,0,0,0,0,0,0,0,0,0,0,0,0
R_2uDH0wGDy2BNxiJ,0,0,0,0,0,0,0,0,0,0,0,0,0
R_1mmx1eoIjkLI9Gr,1,1,0,1,0,0,1,1,0,0,0,0,0
R_2319CcjcNM7zVi8,0,0,0,0,0,0,0,0,0,0,0,0,0
R_x9GK0nd9JgMg2gF,0,0,0,0,0,0,0,0,0,0,0,0,0
R_z68B1kQdqnTS65z,1,0,0,1,0,0,1,1,1,0,1,1,0
R_2w7ARSsCl03b5UA,0,0,0,0,0,0,0,0,0,0,0,0,0
R_3nMjwauWKxsw4ei,0,0,0,0,0,0,0,0,0,0,0,0,0
R_sebYWG2j6WwU19v,0,0,0,0,0,0,0,0,0,0,0,0,0
R_XzYtfbJ31AturIt,0,0,0,0,0,0,0,0,0,0,0,0,0
R_bpyvtWoM7ItE1ix,0,0,0,0,0,0,0,0,0,0,0,0,0
R_2Ptz2e3ZA23u8VU,0,0,0,0,0,0,0,0,0,0,0,0,0
R_7UpaLTYfqoEjvot,0,0,0,0,0,0,0,0,0,0,0,0,0
R_9pfEaSGgBnKjnXT,0,0,0,0,0,0,0,0,0,0,0,0,0
R_3NJOtmXustwHcEh,0,0,0,0,0,0,0,0,0,0,0,0,0
R_3Mswd0BtGJiqZHk,0,0,0,0,0,0,0,0,0,0,0,0,0
R_3EQlN0GEqg7WVQ2,0,0,0,0,0,0,0,0,0,0,0,0,0
R_6nf5gIUSnhunKIF,3,1,0,0,0,0,1,0,0,0,0,1,0
R_xgRDHr5ChrqvYAx,1,0,0,1,0,0,1,1,0,0,1,1,0
R_1iagTFF2sWYnStp,0,0,0,0,0,0,0,0,0,0,0,0,0
R_2thxKINa6KzERx3,0,0,0,0,0,0,0,0,0,0,0,0,0
R_1lgZalhPWPU4vwU,0,0,0,0,0,0,0,0,0,0,0,0,0
R_XANGPgnQgFf7Ftf,0,0,0,0,0,0,0,0,0,0,0,0,0
R_26xwfzxmhPTRgCR,1,0,0,1,0,0,1,1,0,0,1,1,0
R_1Frjqn8Vk5UsjNB,0,0,0,0,0,0,0,0,0,0,0,0,0
R_1i83Gs1FkHAHSuv,0,0,0,0,0,0,0,0,0,0,0,0,0
R_1imsxk9CPMYhf8e,0,0,0,0,0,0,0,0,0,0,0,0,0
R_yPiLSvDOo7EalMd,0,0,0,0,0,0,0,0,0,0,0,0,0
R_eDQas3PTVhrv9EB,0,0,0,0,0,0,0,0,0,0,0,0,0
R_1Q3BLrpL5n5EBmo,0,0,0,0,0,0,0,0,0,0,0,0,0
R_1CguVenJnilZBho,1,0,0,1,0,0,1,1,0,0,1,1,1
R_2TyHoUowixjSsxC,0,0,0,0,0,0,0,0,0,0,0,0,0
R_3Pu8rdR6JdAyH0p,0,0,0,0,0,0,0,0,0,0,0,0,0
R_3PntP1GD37wcjVN,0,0,0,0,0,0,0,0,0,0,0,0,0
R_2rGuyp1xcBnvWNc,0,0,0,0,0,0,0,0,0,0,0,0,0
R_2qDkunsnCC5cGAC,0,0,0,0,0,0,0,0,0,0,0,0,0
R_3JL88IgEvgffcDL,3,0,0,0,0,1,1,1,0,0,0,1,0
R_1Eczu38iPnag2cO,0,0,0,0,0,0,0,0,0,0,0,0,0
R_29tcq3f7VG2c23E,1,0,0,1,1,0,1,1,1,0,0,0,0
R_3p6hjdJsVHtzbnu,0,0,0,0,0,0,0,0,0,0,0,0,0
R_3nCbnWZ0A1De6Ge,0,0,0,0,0,0,0,0,0,0,0,0,0
R_22YozQYviB7fpT3,0,0,0,0,0,0,0,0,0,0,0,0,0
R_3MaN7nPN61ghhzk,0,0,0,0,0,0,0,0,0,0,0,0,0
R_338tbLUnklf1GCz,0,0,0,0,0,0,0,0,0,0,0,0,0
R_1ImYFMNdSPECcQn,0,0,0,0,0,0,0,0,0,0,0,0,0
R_2YQAAxbWEJXkE0P,3,0,0,0,1,0,0,0,0,0,1,0,1
R_1OBmnwl6hLLgUWQ,0,0,0,0,0,0,0,0,0,0,0,0,0
R_3fP55x35bsTVxbg,0,0,0,0,0,0,0,0,0,0,0,0,0
R_3jZhW09jmDLfA8q,0,0,0,0,0,0,0,0,0,0,0,0,0
R_USdJftoJfldsB0J,1,0,0,1,0,1,0,0,0,0,0,1,0
R_2bZOqxmp8Y6WqJ2,0,0,0,0,0,0,0,0,0,0,0,0,0
R_ResWBzEkfB6Fkbv,0,0,0,0,0,0,0,0,0,0,0,0,0
R_0Jp2dse5VNfx3QB,0,0,0,0,0,0,0,0,0,0,0,0,0
R_81YsWOZr96H132x,0,0,0,0,0,0,0,0,0,0,0,0,0
R_2Bkw1QO3tuEbByy,0,0,0,0,0,0,0,0,0,0,0,0,0
R_2VrWrtBCaHkZewt,2,1,0,0,0,0,0,0,0,0,0,0,0
R_bpzkNlqAeJIvFVT,0,0,0,0,0,0,0,0,0,0,0,0,0
R_ZrizC7qZNIL7wfT,0,0,0,0,0,0,0,0,0,0,0,0,0
R_1cYuNLWSMji1aZp,0,0,0,0,0,0,0,0,0,0,0,0,0
R_Dqm3AkJunYiZWZH,0,0,0,0,0,0,0,0,0,0,0,0,0
R_eEdSDkYM0Uz3rZ7,0,0,0,0,0,0,0,0,0,0,0,0,0
R_3s0vKPDBQvaiodl,0,0,0,0,0,0,0,0,0,0,0,0,0
R_cJbGNgGU9CkTNPH,0,0,0,0,0,0,0,0,0,0,0,0,0
R_2uIHYIbMVZh7qqU,0,0,0,0,0,0,0,0,0,0,0,0,0
R_1pVRvT9sVfUDYYz,0,0,0,0,0,0,0,0,0,0,0,0,0
R_27liD6k0nllvsX9,0,0,0,0,0,0,0,0,0,0,0,0,0
R_2rAPY244qllIs7M,1,0,0,1,0,2,1,0,1,0,0,1,0
R_u2FNODJnkm632dr,0,0,0,0,0,0,0,0,0,0,0,0,0
R_1CJSvZHv3LOYKWg,0,0,0,0,0,0,0,0,0,0,0,0,0
R_3jd0lTkg9yXEjLt,0,0,0,0,0,0,0,0,0,0,0,0,0
R_3fdB38DGrmlJiQV,0,0,0,0,0,0,0,0,0,0,0,0,0
R_2zpE1WlCFyG7QAp,0,0,0,0,0,0,0,0,0,0,0,0,0
R_6PgliiJsAs4596x,0,0,0,0,0,0,0,0,0,0,0,0,0
R_ANy7T5Fnez6N6Eh,0,0,0,0,0,0,0,0,0,0,0,0,0
R_3KHeHWSPIim85KL,0,0,0,0,0,0,0,0,0,0,0,0,0
R_1r0MMLPTzoDcxhU,0,0,0,0,0,0,0,0,0,0,0,0,0
R_2TmXoljfcdBeeoN,0,0,0,0,0,0,0,0,0,0,0,0,0
R_3gToIGcdC5sORkf,0,0,0,0,0,0,0,0,0,0,0,0,0
R_3MxpuFHKAKouD7t,0,0,0,0,0,0,0,0,0,0,0,0,0
R_6srNNv8eG78Lr9f,0,0,0,0,0,0,0,0,0,0,0,0,0
R_3MAv0KP45q54zrT,0,0,0,0,0,0,0,0,0,0,0,0,0
R_R8hS1hUg7IVZwAN,1,0,0,0,1,1,1,1,0,0,0,0,1
R_2tna12WBqjG2F4s,0,0,0,0,0,0,0,0,0,0,0,0,0
R_scjg0Q9XdvqEVBT,0,0,0,0,0,0,0,0,0,0,0,0,0
R_3gRCPNIGa42A3ct,3,1,1,0,0,0,0,0,0,1,1,1,0
R_3QK812epT49DOL9,0,0,0,0,0,0,0,0,0,0,0,0,0
R_0fEAMuKZHy2KFoJ,0,0,0,0,0,0,0,0,0,0,0,0,0
R_1g8be6SPzLdBtzY,1,0,1,0,0,0,1,1,0,0,0,0,0
R_1rk4MgWAGBVxu3s,0,0,0,0,0,0,0,0,0,0,0,0,0
R_ykaG1KU5P2AtJGp,0,0,0,0,0,0,0,0,0,0,0,0,0
R_b3gtSa4rK8A96hz,0,0,0,0,0,0,0,0,0,0,0,0,0
R_08IBBIB5z0ktzhf,0,0,0,0,0,0,0,0,0,0,0,0,0
R_es2jSM2547OJBeR,0,0,0,0,0,0,0,0,0,0,0,0,0
R_2t0UqedfnYl298Z,0,0,0,0,0,0,0,0,0,0,0,0,0
R_1mQ2DbKC3B0vVWz,0,0,0,0,0,0,0,0,0,0,0,0,0
R_29htgTUibbz16vF,0,0,0,0,0,0,0,0,0,0,0,0,0
R_2t35Fx0nz151Nfy,1,0,0,1,0,0,1,0,1,0,1,1,0
R_W8tRdabJJ7QcWvD,0,0,0,0,0,0,0,0,0,0,0,0,0
R_2E9OVBarzbczYGa,0,0,0,0,0,0,0,0,0,0,0,0,0
R_24uWQ8KBHIBUISD,1,0,0,1,1,0,1,1,0,0,0,1,0
R_1mfatAPJzvHYGNO,0,0,0,0,0,0,0,0,0,0,0,0,0
R_3dMpPNR59OPzvGs,0,0,0,0,0,0,0,0,0,0,0,0,0
R_2SplLl3z4iw4g3g,0,0,0,0,0,0,0,0,0,0,0,0,0
R_1fj8yxOT1xmsk90,3,0,0,1,0,0,0,0,0,0,0,1,0
R_2eVBgPqU7OaJppO,0,0,0,0,0,0,0,0,0,0,0,0,0
R_1esecVkeBlO7PNG,0,0,0,0,0,0,0,0,0,0,0,0,0
R_1QJwjdShWIf5TmC,0,0,0,0,0,0,0,0,0,0,0,0,0
R_3JydhzL6dxPEC6v,0,0,0,0,0,0,0,0,0,0,0,0,0
R_29vx0Qc5EW6KedE,2,0,0,1,0,0,0,0,0,0,0,0,0
R_2zhFcTJzmz3YOHN,0,0,0,0,0,0,0,0,0,0,0,0,0
R_2w6mEgRarCWRG4u,0,0,0,0,0,0,0,0,0,0,0,0,0
R_3fUdd52mJhEnoZR,0,0,0,0,0,0,0,0,0,0,0,0,0
R_6sBepbpqj6LzfWN,0,0,0,0,0,0,0,0,0,0,0,0,0
R_3Ib0T0Y7PSyiEw4,0,0,0,0,0,0,0,0,0,0,0,0,0
R_10MDJy2DQyDKZ1z,0,0,0,0,0,0,0,0,0,0,0,0,0
R_1IbBtzybQElip02,0,0,0,0,0,0,0,0,0,0,0,0,0
R_ALi5be3rmQOiCzL,0,0,0,0,0,0,0,0,0,0,0,0,0
R_2PmK6zAUwR0zxNc,0,0,0,0,0,0,0,0,0,0,0,0,0
R_3j3v8J5dBgDrtKp,0,0,0,0,0,0,0,0,0,0,0,0,0
R_3IRgS1rGQolbchu,0,0,0,0,0,0,0,0,0,0,0,0,0
R_23erSlrVGlrz409,0,0,0,0,0,0,0,0,0,0,0,0,0
R_3IYSvPRuZ6xWSdq,0,0,0,0,0,0,0,0,0,0,0,0,0
R_2dj9AEvRXeWjbVA,0,0,0,0,0,0,0,0,0,0,0,0,0
R_cGdhdhS5Kvz09od,0,0,0,0,0,0,0,0,0,0,0,0,0
R_2rhXteLBEvB7YEJ,0,0,0,0,0,0,0,0,0,0,0,0,0
R_3L1gLs92j7TDOwe,0,0,0,0,0,0,0,0,0,0,0,0,0
R_1TaGs0FHOQa6m8p,0,0,0,0,0,0,0,0,0,0,0,0,0
R_24iJDPW6VBjUCp0,0,0,0,0,0,0,0,0,0,0,0,0,0
R_ZdBNt9ePO5o7oKB,0,0,0,0,0,0,0,0,0,0,0,0,0
R_1dtLVwDMChqSSyp,2,0,1,1,0,0,0,0,0,1,0,0,0
R_3nUFoWmk9aY0txO,0,0,0,0,0,0,0,0,0,0,0,0,0
R_21bp0L8SwVLUEq5,0,0,0,0,0,0,0,0,0,0,0,0,0
R_C1PG2OibgnTZMCR,0,0,0,0,0,0,0,0,0,0,0,0,0
R_24DjXmKfv6Ygp12,0,0,0,0,0,0,0,0,0,0,0,0,0
R_2f0SS4IEgUXQMS4,0,0,0,0,0,0,0,0,0,0,0,0,0
R_cNJVk1VNuVfny6Z,0,0,0,0,0,0,0,0,0,0,0,0,0
R_1OAIv3CjfjVK2bl,0,0,0,0,0,0,0,0,0,0,0,0,0
R_1gbUMVw89HOs0e1,0,0,0,0,0,0,0,0,0,0,0,0,0
R_WCBzOUdVWx67mF3,0,0,0,0,0,0,0,0,0,0,0,0,0
R_1q84naA2kc612Fy,0,0,0,0,0,0,0,0,0,0,0,0,0
R_2eVcjs3oceDhj0x,0,0,0,0,0,0,0,0,0,0,0,0,0
R_3dMqhqQDw7CIifI,0,0,0,0,0,0,0,0,0,0,0,0,0
R_2BwwXXsMXzIV8f8,0,0,0,0,0,0,0,0,0,0,0,0,0
R_3fJFV0uoJlHuxcs,0,0,0,0,0,0,0,0,0,0,0,0,0
R_2uUpZRpKIavyZNj,0,0,0,0,0,0,0,0,0,0,0,0,0
R_2ttC6gohkuoBvZa,1,0,0,0,0,1,1,0,1,0,1,0,0
R_3kiUz2zWF1V2oNi,0,0,0,0,0,0,0,0,0,0,0,0,0
R_3fNzuy9l7F4zHfN,0,0,0,0,0,0,0,0,0,0,0,0,0
R_31S2VYsmBJZY8tW,0,0,0,0,0,0,0,0,0,0,0,0,0
R_3pnnh7HE6A8hllH,2,1,1,0,0,0,0,0,0,1,1,0,0
R_3fH8hlhgfXYl8A3,0,0,0,0,0,0,0,0,0,0,0,0,0
R_1IiTWHTJJzq5Esb,0,0,0,0,0,0,0,0,0,0,0,0,0
R_1il2HD0ERpjlOiJ,1,0,0,1,0,0,0,0,0,0,1,0,1
R_ZFcxzKCBiWvh50l,1,0,1,1,0,0,0,0,1,0,1,0,0
R_1is4Qvz35j1hxdJ,0,0,0,0,0,0,0,0,0,0,0,0,0
R_xs9A1BzmbinSkw1,0,0,0,0,0,0,0,0,0,0,0,0,0
R_3huOxLZUNgjk4hj,0,0,0,0,0,0,0,0,0,0,0,0,0
R_1nMAA7FMfZm8F4J,0,0,0,0,0,0,0,0,0,0,0,0,0
R_89fcDkYtgr4Tvln,0,0,0,0,0,0,0,0,0,0,0,0,0
R_ptSEHe5Fnkpq6fn,0,0,0,0,0,0,0,0,0,0,0,0,0
R_3fE2k8Pa1OM8UQI,0,0,0,0,0,0,0,0,0,0,0,0,0
R_2v8uQh39kt2J0h9,0,0,0,0,0,0,0,0,0,0,0,0,0
R_1ONbUUE0GfEoGZP,3,0,0,1,1,1,1,1,0,1,0,0,0
R_3jSueKq1uC7jhVF,0,0,0,0,0,0,0,0,0,0,0,0,0
R_2wiXgSI4RpPv4sz,0,0,0,0,0,0,0,0,0,0,0,0,0
R_3CH3egw1bU9qnBH,0,0,0,0,0,0,0,0,0,0,0,0,0
R_21HEVUtFB1yAUfp,0,0,0,0,0,0,0,0,0,0,0,0,0
R_3VrXp9ZlYID27At,0,0,0,0,0,0,0,0,0,0,0,0,0
R_yKDHGvENGDMx7tn,0,0,0,0,0,0,0,0,0,0,0,0,0
R_3MRlXF8Yc2JJDBS,0,0,0,0,0,0,0,0,0,0,0,0,0
R_3kk3LUuGqpfPKak,0,0,0,0,0,0,0,0,0,0,0,0,0
R_3qjqkGZxEJvKFVm,0,0,0,0,0,0,0,0,0,0,0,0,0
R_3NCzq2iat5dVV29,0,0,0,0,0,0,0,0,0,0,0,0,0
R_3HFdG6s1u4sXYdw,0,0,0,0,0,0,0,0,0,0,0,0,0
R_dgmFPFTIYDFjhRv,0,0,0,0,0,0,0,0,0,0,0,0,0
R_2eOJ06TQf1BM6Wq,0,0,0,0,0,0,0,0,0,0,0,0,0
R_3m1qfwUl5a6aWzE,0,0,0,0,0,0,0,0,0,0,0,0,0
R_2WVfjsq20xu9lFu,0,0,0,0,0,0,0,0,0,0,0,0,0
R_AvpSPMBkfU7jWQV,0,0,0,0,0,0,0,0,0,0,0,0,0
R_1rJlhCK0v7ijcnp,0,0,0,0,0,0,0,0,0,0,0,0,0
R_11hJ4FTqkUr8Maq,0,0,0,0,0,0,0,0,0,0,0,0,0
R_1j8JWZVQbv6nadX,0,0,0,0,0,0,0,0,0,0,0,0,0
R_2uw7VfqZAILaszI,0,0,0,0,0,0,0,0,0,0,0,0,0
R_1KvANKXt9D3jKaz,0,0,0,0,0,0,0,0,0,0,0,0,0
R_3HM8oaFvgfgWMlO,0,0,0,0,0,0,0,0,0,0,0,0,0
R_3MyCSizorn1lffJ,0,0,0,0,0,0,0,0,0,0,0,0,0
R_5aJ1qzLFLLj97kl,0,0,0,0,0,0,0,0,0,0,0,0,0
R_PZEwD9Ye90y4iIx,0,0,0,0,0,0,0,0,0,0,0,0,0
R_2X0rhZrUcvTOOyT,0,0,0,0,0,0,0,0,0,0,0,0,0
R_SGFFd9bQLm76yeB,0,0,0,0,0,0,0,0,0,0,0,0,0
R_3LcDgF3b6ZpZimr,0,0,0,0,0,0,0,0,0,0,0,0,0
R_3qJZdw81fTfjduQ,0,0,0,0,0,0,0,0,0,0,0,0,0
R_5bdslkewS9dM6PL,0,0,0,0,0,0,0,0,0,0,0,0,0
R_1jvqADyp6TedvYP,0,0,0,0,0,0,0,0,0,0,0,0,0
R_5Ae5ceL7qGfRBnz,0,0,0,0,0,0,0,0,0,0,0,0,0
R_diqWX41phPcj9nj,0,0,0,0,0,0,0,0,0,0,0,0,0
R_xD6sfjQqB0WVb0d,0,0,0,0,0,0,0,0,0,0,0,0,0
R_3oNMP4i7nS6Wewq,3,0,0,1,0,0,0,0,0,0,0,1,0
R_1rGQluVI9ThKGmC,3,1,0,0,0,0,0,0,0,0,0,0,0
R_24Iq80XYzSux7e4,2,0,0,0,0,1,1,0,1,0,0,1,0
R_VOICqJtbFA6tX2N,3,0,0,0,0,1,1,1,0,0,0,1,1
R_3O6pUGBfx2HwS3m,0,0,0,0,0,0,0,0,0,0,0,0,0
R_8eQx9SJlT03OssV,0,0,0,0,0,0,0,0,0,0,0,0,0
R_VXacgnUpZylEyC5,3,0,0,0,0,0,0,0,0,0,0,1,1
R_3GvrjgxneaDkce6,0,0,0,0,0,0,0,0,0,0,0,0,0
R_239WkX1Ir1rFSof,0,0,0,0,0,0,0,0,0,0,0,0,0
R_1FFIsWzcVrJPd4f,0,0,0,0,0,0,0,0,0,0,0,0,0
R_2asFNYbUxORJuoz,0,0,0,0,0,0,0,0,0,0,0,0,0
R_ePvyJsaG7rxUNR7,0,0,0,0,0,0,0,0,0,0,0,0,0
R_3gMb4z3lDyTs04m,3,1,1,0,0,0,0,1,0,0,1,1,0
R_2EEj4PFLbBGUGIg,0,0,0,0,0,0,0,0,0,0,0,0,0
R_sHauyGqwExT0Ldv,0,0,0,0,0,0,0,0,0,0,0,0,0
R_1JFyQIwGXRMB9np,0,0,0,0,0,0,0,0,0,0,0,0,0
R_3R1KfncENIWviFF,1,0,0,0,1,1,0,0,0,0,0,1,0
R_1liqADH7TjZIegB,0,0,0,0,0,0,0,0,0,0,0,0,0
R_2blUI7S3rBGTJSR,0,0,0,0,0,0,0,0,0,0,0,0,0
R_2CkXG2kZxHe6KbQ,0,0,0,0,0,0,0,0,0,0,0,0,0
R_3emXNMFjmveeNfA,0,0,0,0,0,0,0,0,0,0,0,0,0
R_3kFnjNec30gbveA,0,0,0,0,0,0,0,0,0,0,0,0,0
R_2BhUMGGjNNINp33,3,1,0,0,1,0,0,0,0,0,0,1,0
R_3DhiAA3mu6ItEuy,0,0,0,0,0,0,0,0,0,0,0,0,0
R_3qjmhGfBXwIqoBw,0,0,0,0,0,0,0,0,0,0,0,0,0
R_3kKU6knOaFyZaTw,1,0,0,0,1,1,1,1,0,0,0,0,1
R_2SCxQwoyfVHfHow,0,0,0,0,0,0,0,0,0,0,0,0,0
R_240ledxkQIfEA4U,0,0,0,0,0,0,0,0,0,0,0,0,0
R_9Qs55XGJPZnZZXv,3,0,0,1,0,0,1,0,0,0,1,1,0
R_3mleXEJIsNyR1Wt,0,0,0,0,0,0,0,0,0,0,0,0,0
R_1jZIsSU6S35wK2z,0,0,0,0,0,0,0,0,0,0,0,0,0
R_277K3bR4Boee74Z,0,0,0,0,0,0,0,0,0,0,0,0,0
R_2yrrv0nEOCzmw0V,0,0,0,0,0,0,0,0,0,0,0,0,0
R_1f1uUNSMMkm0MP7,0,0,0,0,0,0,0,0,0,0,0,0,0
R_214UuxSspYac6Lr,0,0,0,0,0,0,0,0,0,0,0,0,0
R_2VQEtruLPm9NaV7,0,0,0,0,0,0,0,0,0,0,0,0,0
R_2c1sI1dlXPTNvhY,0,0,0,0,0,0,0,0,0,0,0,0,0
R_1DUr3w59V7s2ssw,2,1,0,1,0,1,0,0,0,0,0,1,0
R_3PSq1dbm0ND3IEm,2,1,0,0,0,0,0,0,0,0,0,0,0
R_1mrRCRLnrhWBZVP,0,0,0,0,0,0,0,0,0,0,0,0,0
R_1QMEJSb34i1t8oJ,0,0,0,0,0,0,0,0,0,0,0,0,0
R_O7QjEX7NxDyMum5,0,0,0,0,0,0,0,0,0,0,0,0,0
R_2Rb3mchio1DDtNQ,0,0,0,0,0,0,0,0,0,0,0,0,0
R_1mqkDMhk0DIQ2ki,0,0,0,0,0,0,0,0,0,0,0,0,0
R_3HUM5zOhCQLQHJ2,0,0,0,0,0,0,0,0,0,0,0,0,0
R_240ebpTdUVYyCMZ,0,0,0,0,0,0,0,0,0,0,0,0,0
R_1jkqfwm0Tf4IVrd,0,0,0,0,0,0,0,0,0,0,0,0,0
R_2ANIcplzqlMwxK9,0,0,0,0,0,0,0,0,0,0,0,0,0
R_3eyHxcSfZ4Hi1cN,0,0,0,0,0,0,0,0,0,0,0,0,0
R_9LexRhOfOlrEnO9,0,0,0,0,0,0,0,0,0,0,0,0,0
R_1kFIga41Dixv7ul,0,0,0,0,0,0,0,0,0,0,0,0,0
R_eloZZhUPZyAfhYZ,0,0,0,0,0,0,0,0,0,0,0,0,0
R_12nzTCO0yWFJ2eR,0,0,0,0,0,0,0,0,0,0,0,0,0
R_2q4zoicLw2YQyJi,0,0,0,0,0,0,0,0,0,0,0,0,0
R_1AF8pdgP1wptnax,0,0,0,0,0,0,0,0,0,0,0,0,0
R_30pmQzS3aILN7Kr,0,0,0,0,0,0,0,0,0,0,0,0,0
R_2xLAASOqXQL2Qpb,0,0,0,0,0,0,0,0,0,0,0,0,0
R_Cjito8e2sP8dnpL,0,0,0,0,0,0,0,0,0,0,0,0,0
R_1IzJ86ksWgQzujK,0,0,0,0,0,0,0,0,0,0,0,0,0
R_2XhBJze0zD0eYpU,0,0,0,0,0,0,0,0,0,0,0,0,0
R_1CEzbRcdQl03eyM,0,0,0,0,0,0,0,0,0,0,0,0,0
R_0e5fe3J5psdz5lL,1,0,0,1,0,0,0,0,1,0,0,0,0
R_2TzX2cK7MLptwmm,0,0,0,0,0,0,0,0,0,0,0,0,0
R_2PbX5EPMsL6XiaF,0,0,0,0,0,0,0,0,0,0,0,0,0
R_3Pfl0olWcHkWGHL,0,0,0,0,0,0,0,0,0,0,0,0,0
R_3mmmAFjcTfXyNQ4,0,0,0,0,0,0,0,0,0,0,0,0,0
R_rljc4LlDnXulqfL,1,0,0,0,0,1,1,1,0,0,1,1,0
R_1JRAYpEfkYW2ibj,3,1,0,1,1,0,1,1,0,0,0,0,0
R_cZK1vqaNCmuCcTj,0,0,0,0,0,0,0,0,0,0,0,0,0
R_3ltrYWZa7xJaFNc,0,0,0,0,0,0,0,0,0,0,0,0,0
R_1ibqpGdvvVtuLkH,0,0,0,0,0,0,0,0,0,0,0,0,0
R_2dp6mgeskC70e1l,0,0,0,0,0,0,0,0,0,0,0,0,0
R_25FQQiYgxbkF9lw,0,0,0,0,0,0,0,0,0,0,0,0,0
R_T1s0l6FLuoFLpQZ,0,0,0,0,0,0,0,0,0,0,0,0,0
R_2flE2hkpAerebBN,0,0,0,0,0,0,0,0,0,0,0,0,0
R_2zGPTCwmQSlLbQk,0,0,0,0,0,0,0,0,0,0,0,0,0
R_1mDA45AKkdO6a2t,0,0,0,0,0,0,0,0,0,0,0,0,0
R_2ZTuJtVTSBaYoZd,0,0,0,0,0,0,0,0,0,0,0,0,0
R_XgK13AZfVjWT93H,3,1,1,0,1,2,0,0,0,0,0,1,0
R_XAMGeyfLSUNKCxr,0,0,0,0,0,0,0,0,0,0,0,0,0
R_r0DSJk6lX2GMzM5,0,0,0,0,0,0,0,0,0,0,0,0,0
R_1j9RMvIdojpKNOH,0,0,0,0,0,0,0,0,0,0,0,0,0
R_26bdM8tXDmUA2XW,0,0,0,0,0,0,0,0,0,0,0,0,0
R_ul9UQd8jzRG2SGt,0,0,0,0,0,0,0,0,0,0,0,0,0
R_sI5GypmLoxSlUdP,0,0,0,0,0,0,0,0,0,0,0,0,0
R_RKLUXD3Mgh8AtHP,0,0,0,0,0,0,0,0,0,0,0,0,0
R_cD4XlyyagSYhgvn,0,0,0,0,0,0,0,0,0,0,0,0,0
R_5nXePrXouAI9XRn,0,0,0,0,0,0,0,0,0,0,0,0,0
R_3eh38GWaLJWDuko,0,0,0,0,0,0,0,0,0,0,0,0,0
R_24NQVTN45yfjbtk,0,0,0,0,0,0,0,0,0,0,0,0,0
R_1gOLAr06XqK19Ie,0,0,0,0,0,0,0,0,0,0,0,0,0
R_1eLtFB1SYAq9I6d,0,0,0,0,0,0,0,0,0,0,0,0,0
R_3Ic4LkaggonsPTG,0,0,0,0,0,0,0,0,0,0,0,0,0
R_1JLOxGdpolsleVA,0,0,0,0,0,0,0,0,0,0,0,0,0
R_3IPLa6REB6auIPG,0,0,0,0,0,0,0,0,0,0,0,0,0
R_3KqOS1A4hPVQq8Y,0,0,0,0,0,0,0,0,0,0,0,0,0
R_xi4FXcEpJPNBuiR,0,0,0,0,0,0,0,0,0,0,0,0,0
R_SZxN8SCfYoG5vZn,0,0,0,0,0,0,0,0,0,0,0,0,0
R_55qRbAyy87hICwF,0,0,0,0,0,0,0,0,0,0,0,0,0
R_22noV1BU0KDXYvP,0,0,0,0,0,0,0,0,0,0,0,0,0
R_2Yung59wAUcNwaL,0,0,0,0,0,0,0,0,0,0,0,0,0
R_3I435rYMUfriKAn,0,0,0,0,0,0,0,0,0,0,0,0,0
R_30iZLl16xblGtoe,0,0,0,0,0,0,0,0,0,0,0,0,0
R_3JCbbFmBZQIHqlt,3,0,0,1,0,2,0,0,0,1,0,1,0
R_2S7bLlTKfnK2zQs,0,0,0,0,0,0,0,0,0,0,0,0,0
R_30l9LHgOzSK88pi,0,0,0,0,0,0,0,0,0,0,0,0,0
R_1immMufjydHJw4P,0,0,0,0,0,0,0,0,0,0,0,0,0
R_231AekP88oFlM0U,0,0,0,0,0,0,0,0,0,0,0,0,0
R_1EiJeXzKY0Lrm2d,0,0,0,0,0,0,0,0,0,0,0,0,0
R_1OALYbaqp9Bb67U,0,0,0,0,0,0,0,0,0,0,0,0,0
R_3MQ0HXi7LwQJyYa,2,1,0,0,0,0,0,0,0,0,0,1,1
R_1JJVHAoKsdR08Nx,0,0,0,0,0,0,0,0,0,0,0,0,0
R_21nTY7VSKWOKreE,0,0,0,0,0,0,0,0,0,0,0,0,0
R_3dVNM12iQ2aiWIt,0,0,0,0,0,0,0,0,0,0,0,0,0
R_2f6wKsR0rcEzzZM,0,0,0,0,0,0,0,0,0,0,0,0,0
R_270R0AiN2Ss3BJz,0,0,0,0,0,0,0,0,0,0,0,0,0
R_zUawj9KPa9Dumrf,3,0,1,0,1,2,1,1,1,0,1,1,0
R_1QapUucsYNFcrCf,0,0,0,0,0,0,0,0,0,0,0,0,0
R_QnRDbLSUjGRwoWl,0,0,0,0,0,0,0,0,0,0,0,0,0
R_1mngcAunL1UbxUx,0,0,0,0,0,0,0,0,0,0,0,0,0
R_1LUJ9S8wcB9Hwq8,0,0,0,0,0,0,0,0,0,0,0,0,0
R_cTOTYvx3ztyETcd,0,0,0,0,0,0,0,0,0,0,0,0,0
R_2TBtxrhcemnJUtW,0,0,0,0,0,0,0,0,0,0,0,0,0
R_xtRauKriUKCdVC1,0,0,0,0,0,0,0,0,0,0,0,0,0
R_SK21qoDo6EfWB0t,0,0,0,0,0,0,0,0,0,0,0,0,0
R_3NOrm6yOuerFFeY,0,0,0,0,0,0,0,0,0,0,0,0,0
R_1qUP7OcE5CJ2K2O,3,0,0,1,0,0,1,1,1,0,0,1,0
R_zdUvWSaqNf5O9RT,0,0,0,0,0,0,0,0,0,0,0,0,0
R_33qy5pIG3MOSwbq,0,0,0,0,0,0,0,0,0,0,0,0,0
R_UgoEUpH73wzXpm1,0,0,0,0,0,0,0,0,0,0,0,0,0
R_31zyAva6X8wWlBO,0,0,0,0,0,0,0,0,0,0,0,0,0
R_3j7EgruNpPZTLt1,0,0,0,0,0,0,0,0,0,0,0,0,0
R_psGu7KZjI3TWehX,0,0,0,0,0,0,0,0,0,0,0,0,0
R_2D1zl77Mzn6oU5g,0,0,0,0,0,0,0,0,0,0,0,0,0
R_23fpsw1NfxMG3YW,0,0,0,0,0,0,0,0,0,0,0,0,0
R_2c2LD0wh83ctjJD,0,0,0,0,0,0,0,0,0,0,0,0,0
R_1MKcIHPAn4iAH9F,0,0,0,0,0,0,0,0,0,0,0,0,0
R_1FtsrfHgcEIFFq4,0,0,0,0,0,0,0,0,0,0,0,0,0
R_1OrytyCzRy4r9II,0,0,0,0,0,0,0,0,0,0,0,0,0
R_3hlotSQcRKPRVxD,0,0,0,0,0,0,0,0,0,0,0,0,0
R_e9G0ZvZqQgiGyJj,0,0,0,0,0,0,0,0,0,0,0,0,0
R_9tzFuFOo7QW6oKt,0,0,0,0,0,0,0,0,0,0,0,0,0
R_2ay0uaWpCPQoDPk,0,0,0,0,0,0,0,0,0,0,0,0,0
R_tPW2fTKtDGAwtDH,0,0,0,0,0,0,0,0,0,0,0,0,0
R_PUNZzkKlZKc1t0B,0,0,0,0,0,0,0,0,0,0,0,0,0
R_3PHovOxXmxPhI03,0,0,0,0,0,0,0,0,0,0,0,0,0
R_bBnIApuriP42E3D,0,0,0,0,0,0,0,0,0,0,0,0,0
R_7VzTvqwLr87tOQF,0,0,0,0,0,0,0,0,0,0,0,0,0
R_2zXSq5FvsugBBxx,0,0,0,0,0,0,0,0,0,0,0,0,0
R_2bW7YTU59lSPYxz,0,0,0,0,0,0,0,0,0,0,0,0,0
R_3Mo3asqPSzh3rYP,0,0,0,0,0,0,0,0,0,0,0,0,0
R_11bg77mHeuuPjS8,3,0,0,1,0,1,0,0,0,0,1,1,1
R_1JL6fHlbxhqc7Nm,0,0,0,0,0,0,0,0,0,0,0,0,0
R_rduGQReggCeFux3,0,0,0,0,0,0,0,0,0,0,0,0,0
R_29h87Z0xGxVM829,0,0,0,0,0,0,0,0,0,0,0,0,0
R_2UcmlGUFzvcbTrB,0,0,0,0,0,0,0,0,0,0,0,0,0
R_ZKvRRrH5v1ZXe49,3,0,0,1,0,0,1,1,0,0,0,0,0
R_3qQ0ab27CpARL7H,0,0,0,0,0,0,0,0,0,0,0,0,0
R_AaiffTttDoImvv3,0,0,0,0,0,0,0,0,0,0,0,0,0
R_b7NR15bBv3yy1i1,0,0,0,0,0,0,0,0,0,0,0,0,0
R_2AQr5qClzEcG8YB,0,0,0,0,0,0,0,0,0,0,0,0,0
R_3UAlnhpF2vI37ih,1,1,0,1,0,1,0,0,0,0,0,0,0
R_1ezQWIqdKIuLWqD,0,0,0,0,0,0,0,0,0,0,0,0,0
R_23ZGevvE7vAqzLu,0,0,0,0,0,0,0,0,0,0,0,0,0
R_bJift9ado4omYU1,0,0,0,0,0,0,0,0,0,0,0,0,0
R_1n2ByRI8qcEhUSB,0,0,0,0,0,0,0,0,0,0,0,0,0
R_1d6a8JEQ7nFqiSS,0,0,0,0,0,0,0,0,0,0,0,0,0
R_1OAJStmi3HQXdPL,0,0,0,0,0,0,0,0,0,0,0,0,0
R_T774C3ZhNyFk2Vb,0,0,0,0,0,0,0,0,0,0,0,0,0
R_Ai12jJTNPJiRA6R,0,0,0,0,0,0,0,0,0,0,0,0,0
R_2466u709CNf74Wj,3,0,0,0,0,0,0,0,0,0,0,0,0
R_1pYYyKXTZzfWfsq,0,0,0,0,0,0,0,0,0,0,0,0,0
R_3dLbOPgFDQCfSmc,0,0,0,0,0,0,0,0,0,0,0,0,0
R_0IllkEb6O1vB28N,0,0,0,0,0,0,0,0,0,0,0,0,0
R_sXtoOSatMiLuxLH,0,0,0,0,0,0,0,0,0,0,0,0,0
R_29hxcvQdT7LzkVT,0,0,0,0,0,0,0,0,0,0,0,0,0
R_2P0PkPGqwfRrokw,0,0,0,0,0,0,0,0,0,0,0,0,0
R_eFYDflpWuIQcn0l,3,0,0,0,0,0,1,1,1,0,0,0,0
R_2ysjd7mliviDc2I,2,0,0,0,0,0,0,0,0,0,0,0,0
R_PNGvb8X8WNUV3tD,0,0,0,0,0,0,0,0,0,0,0,0,0
R_2QYTgxnf57RFMXv,1,0,0,1,0,0,0,0,0,0,0,1,0
R_2Xd20CnGflaiNl7,0,0,0,0,0,0,0,0,0,0,0,0,0
R_QlB9Ap5nk1x8eNb,0,0,0,0,0,0,0,0,0,0,0,0,0
R_u9ZtVYeuJbgireN,0,0,0,0,0,0,0,0,0,0,0,0,0
R_2w4u6vglqzSo313,0,0,0,0,0,0,0,0,0,0,0,0,0
R_1mCbsJIJ0pbZVAR,0,0,0,0,0,0,0,0,0,0,0,0,0
R_3ktVtXhckgxj6BE,0,0,0,0,0,0,0,0,0,0,0,0,0
R_1lsmXoAFYE1Wn3H,0,0,0,0,0,0,0,0,0,0,0,0,0
R_2YVOwz5nOfW0GLm,0,0,0,0,0,0,0,0,0,0,0,0,0
R_CZTpDVYD4jph6RX,0,0,0,0,0,0,0,0,0,0,0,0,0
R_3s4FgWxbWW9fXQV,0,0,0,0,0,0,0,0,0,0,0,0,0
R_2OT2uCQFJTB1laO,1,0,0,0,0,1,1,0,0,0,0,0,0
R_3FWGYT0qrGB3Jdk,0,0,0,0,0,0,0,0,0,0,0,0,0
R_1hWnPPZgopCtH2C,0,0,0,0,0,0,0,0,0,0,0,0,0
R_2UgyZRZY3TGIpNY,0,0,0,0,0,0,0,0,0,0,0,0,0
R_2CoYx2VViKTEaNE,0,0,0,0,0,0,0,0,0,0,0,0,0
R_BXM1gHM91CELdp7,0,0,0,0,0,0,0,0,0,0,0,0,0
R_1K7TkXTqP9R18n4,0,0,0,0,0,0,0,0,0,0,0,0,0
R_1OiWB9tgwU142sE,0,0,0,0,0,0,0,0,0,0,0,0,0
R_1ik5TeOo3K1U0TB,0,0,0,0,0,0,0,0,0,0,0,0,0
R_0UOAmBSm5vpPirD,0,0,0,0,0,0,0,0,0,0,0,0,0
R_24FXRbHL4kBGhL8,0,0,0,0,0,0,0,0,0,0,0,0,0
R_2b1aB3ccZe9sehV,0,0,0,0,0,0,0,0,0,0,0,0,0
R_3HGP4E97l0Z23SU,0,0,0,0,0,0,0,0,0,0,0,0,0
R_URNkxcx9BVlowzD,0,0,0,0,0,0,0,0,0,0,0,0,0
R_sMCo084a4o5dk0p,0,0,0,0,0,0,0,0,0,0,0,0,0
R_1H5fGMSZyTSPbMQ,0,0,0,0,0,0,0,0,0,0,0,0,0
R_1lv1WIawFc0jNu2,0,0,0,0,0,0,0,0,0,0,0,0,0
R_2uKSTlDMsRd83XC,0,0,0,0,0,0,0,0,0,0,0,0,0
R_2uO6mMvTOkBbfuO,0,0,0,0,0,0,0,0,0,0,0,0,0
R_24j9ZIWwOnTzerC,1,0,0,1,1,0,0,1,0,0,0,0,0
R_UWIDeGNMjFQZBMB,0,0,0,0,0,0,0,0,0,0,0,0,0
R_3ltVBdbXVyUdcs5,0,0,0,0,0,0,0,0,0,0,0,0,0
R_1QyowhUlvvyW0aD,0,0,0,0,0,0,0,0,0,0,0,0,0
R_1LB8jSlBwXwPXmV,0,0,0,0,0,0,0,0,0,0,0,0,0
R_2rjg1lyPUSeND8Y,0,0,0,0,0,0,0,0,0,0,0,0,0
R_31XdcrDZRgXMGP7,0,0,0,0,0,0,0,0,0,0,0,0,0
R_1ikDAEKLteV41Ri,0,0,0,0,0,0,0,0,0,0,0,0,0
R_7QdMUMr78Bw1Lkp,3,1,0,0,1,1,0,0,0,0,0,0,0
R_V3jzRQezILJqz4J,1,0,0,0,0,0,0,0,0,0,0,0,0
R_2QRhM34EX91xdRx,0,0,0,0,0,0,0,0,0,0,0,0,0
R_3CZbp3Ga12sTEi9,3,0,0,0,0,0,1,1,0,1,0,0,0
R_12QMDy3ycnjnKVF,2,1,1,0,0,0,0,0,0,0,0,0,0
R_UF1k9zZ0LAa2FAB,0,0,0,0,0,0,0,0,0,0,0,0,0
R_1IW2Os0FYXfkGdh,3,0,1,1,1,0,0,1,0,0,1,0,0
R_1pXWq6LGxAWNiAZ,3,1,0,0,0,0,0,0,1,1,1,1,0
R_3PvMBfjdnD3wqgk,3,0,0,1,0,0,0,0,0,0,1,1,0
R_2D1B6fATupdAFTZ,3,0,0,1,1,0,0,0,0,0,1,1,0
R_1CKMEtKD7D4SsZF,0,0,0,0,0,0,0,0,0,0,0,0,0
R_1LCN6fOJM0DCfEU,1,0,0,1,0,0,0,0,0,0,0,1,0
R_C1dsmbQY32a1yrD,0,0,0,0,0,0,0,0,0,0,0,0,0
R_1gRrgpMLClhGn1O,0,0,0,0,0,0,0,0,0,0,0,0,0
R_2row0UjTGureU3B,3,0,0,1,0,0,0,0,0,0,1,0,0
R_OGXASzY5RtHGMxj,0,0,0,0,0,0,0,0,0,0,0,0,0
R_2cuA1utFxObm8BZ,0,0,0,0,0,0,0,0,0,0,0,0,0
R_30vGYokCAM2WaX9,0,0,0,0,0,0,0,0,0,0,0,0,0
R_3EVTSSpjA5o11My,3,0,0,1,0,0,0,0,0,0,1,0,0
R_1KuR3uZdguU1KFm,0,0,0,0,0,0,0,0,0,0,0,0,0
R_30dfqx6Kseh2BA5,0,0,0,0,0,0,0,0,0,0,0,0,0
R_3kOqFRbLKSUdYuu,1,0,0,1,1,0,0,0,0,1,0,0,0
R_w7DEEENjyZYbyFj,1,0,1,1,0,0,0,0,0,0,0,1,0
R_1OVQYXkaz5ACqAg,0,0,0,0,0,0,0,0,0,0,0,0,0
R_2CcPOIR0cnuXJNW,3,0,0,1,0,0,0,0,0,0,1,0,0
R_1rCECZbDhRnlip1,0,0,0,0,0,0,0,0,0,0,0,0,0
R_3NyOyKjk8nq2tiy,0,0,0,0,0,0,0,0,0,0,0,0,0
R_1QEmQiieSnHbyDY,0,0,0,0,0,0,0,0,0,0,0,0,0
R_RJJbuzllidIT1AJ,1,0,0,1,0,0,0,0,0,0,1,0,0
R_2z8f2pBgBxn4B7C,0,0,0,0,0,0,0,0,0,0,0,0,0
R_5sPWgxVEHWhcHyV,1,0,1,1,0,0,0,0,0,0,0,0,0
R_eWjx9W65ulWUxLH,0,0,0,0,0,0,0,0,0,0,0,0,0
R_2fJKrhNTUGRO1X1,0,0,0,0,0,0,0,0,0,0,0,0,0
R_2chjx2LpezW0Mqs,0,0,0,0,0,0,0,0,0,0,0,0,0
R_2trpZWhD2Dabd3z,0,0,0,0,0,0,0,0,0,0,0,0,0
R_3s4CoIK70wBkCu9,0,0,0,0,0,0,0,0,0,0,0,0,0
R_3kBcRwqyD2oJg0Z,0,0,0,0,0,0,0,0,0,0,0,0,0
R_3RwOVpV4OZTAAOg,0,0,0,0,0,0,0,0,0,0,0,0,0
R_PFfq7WgQryTbt5f,0,0,0,0,0,0,0,0,0,0,0,0,0
R_25Kk8Gzb9HOYc8j,0,0,0,0,0,0,0,0,0,0,0,0,0
R_QceBbqtjRqiWjC1,0,0,0,0,0,0,0,0,0,0,0,0,0
R_3370LYMKLXO42HX,0,0,0,0,0,0,0,0,0,0,0,0,0
R_3iwHkNzARbkKHtL,0,0,0,0,0,0,0,0,0,0,0,0,0
R_1rpEuxncPW2Oxwk,2,1,0,0,0,0,0,0,0,0,1,1,0
R_ZjGq42jXpMwGNBD,0,0,0,0,0,0,0,0,0,0,0,0,0
R_3kHe26C4cPCFYEF,0,0,0,0,0,0,0,0,0,0,0,0,0
R_2aaGMCeKCgvJGnm,0,0,0,0,0,0,0,0,0,0,0,0,0
R_3elYAptFzoNCP4W,0,0,0,0,0,0,0,0,0,0,0,0,0
R_3EBd51VRZ8ms2xG,0,0,0,0,0,0,0,0,0,0,0,0,0
R_2OMypoAI1tcqCCJ,2,0,0,0,0,0,0,0,0,0,0,0,0
R_1C1L6yMVmY0X26z,0,0,0,0,0,0,0,0,0,0,0,0,0
R_afcm6tQbBuS9FDz,0,0,0,0,0,0,0,0,0,0,0,0,0
R_1r6zR1kKMz6JhN9,0,0,0,0,0,0,0,0,0,0,0,0,0
R_2WUplgIctxTX8vD,0,0,0,0,0,0,0,0,0,0,0,0,0
R_T4Rcm1RcmIQS7vz,0,0,0,0,0,0,0,0,0,0,0,0,0
R_rd5Z4Pmdz6wnoBP,0,0,0,0,0,0,0,0,0,0,0,0,0
R_1GHrk6DhyonUoLf,0,0,0,0,0,0,0,0,0,0,0,0,0
R_31AVcerlaXAMtUJ,0,0,0,0,0,0,0,0,0,0,0,0,0
R_3khOIcjYqWRoiTf,0,0,0,0,0,0,0,0,0,0,0,0,0
R_3k6aeO7pFK4Lr6H,0,0,0,0,0,0,0,0,0,0,0,0,0
R_3nckfpsjADB1Chc,0,0,0,0,0,0,0,0,0,0,0,0,0
R_3RdYxkjw83lbYwV,0,0,0,0,0,0,0,0,0,0,0,0,0
R_3ef2kIoayaXchZ8,0,0,0,0,0,0,0,0,0,0,0,0,0
R_2A0y74KkMpXQ4uk,0,0,0,0,0,0,0,0,0,0,0,0,0
R_vIWXB4sJWtQ3c2t,0,0,0,0,0,0,0,0,0,0,0,0,0
R_1d4Z2sGm9LwmdLG,0,0,0,0,0,0,0,0,0,0,0,0,0
R_25zwjYpBO5PfDaU,0,0,0,0,0,0,0,0,0,0,0,0,0
R_XmMvuN5POjRYwMx,0,0,0,0,0,0,0,0,0,0,0,0,0
R_3Gy0Lwaf6tzpEn3,0,0,0,0,0,0,0,0,0,0,0,0,0
R_qvYAcB2AcfTWy09,0,0,0,0,0,0,0,0,0,0,0,0,0
R_1l0FPx9kyMY7FUQ,0,0,0,0,0,0,0,0,0,0,0,0,0
R_2UVhIvUX7OSWUj3,0,0,0,0,0,0,0,0,0,0,0,0,0
R_2uF8zxYXM4oUNUZ,0,0,0,0,0,0,0,0,0,0,0,0,0
R_28A3qPKIllksNrP,0,0,0,0,0,0,0,0,0,0,0,0,0
R_A0a860iQQNDcGE9,0,0,0,0,0,0,0,0,0,0,0,0,0
R_2TZENYk8uqa9xZi,0,0,0,0,0,0,0,0,0,0,0,0,0
R_C36s2SsSeJUleql,0,0,0,0,0,0,0,0,0,0,0,0,0
R_1CllZwibl5VSvmR,0,0,0,0,0,0,0,0,0,0,0,0,0
R_2TGVXBxfowA3LlE,0,0,0,0,0,0,0,0,0,0,0,0,0
R_1ZYcSR9mtq3epxL,0,0,0,0,0,0,0,0,0,0,0,0,0
R_2PjptOOG7tN1MAY,2,1,0,0,0,0,0,0,0,0,0,1,0
R_1oj3tiIOmB1f2Ra,0,0,0,0,0,0,0,0,0,0,0,0,0
R_2S0krsDYx38eooe,0,0,0,0,0,0,0,0,0,0,0,0,0
R_31iom1ouiDkzPG3,0,0,0,0,0,0,0,0,0,0,0,0,0
R_2OI2nIQgZEldU8l,0,0,0,0,0,0,0,0,0,0,0,0,0
R_1NmNjzcMRutSmqk,0,0,0,0,0,0,0,0,0,0,0,0,0
R_2S2lYym8mBErfAC,0,0,0,0,0,0,0,0,0,0,0,0,0
R_3g4TpnxcY9T9LdH,0,0,0,0,0,0,0,0,0,0,0,0,0
R_2uWZSipV09gZ5ot,0,0,0,0,0,0,0,0,0,0,0,0,0
R_2EvpvxOEgQBywd2,0,0,0,0,0,0,0,0,0,0,0,0,0
R_1GUJduvS5jR1uLZ,0,0,0,0,0,0,0,0,0,0,0,0,0
R_2VrIDF9wp30qD0n,0,0,0,0,0,0,0,0,0,0,0,0,0
R_VJz4CbmCcLP7EaJ,0,0,0,0,0,0,0,0,0,0,0,0,0
R_UZ5Eq1Uj8f5ypgJ,0,0,0,0,0,0,0,0,0,0,0,0,0
R_OoHQFKasE4rrWJH,0,0,0,0,0,0,0,0,0,0,0,0,0
R_2ZKRk7hKnuUP2AY,0,0,0,0,0,0,0,0,0,0,0,0,0
R_3ho5w5puRQlL8TA,0,0,0,0,0,0,0,0,0,0,0,0,0
R_4GRKst12N86cvaF,0,0,0,0,0,0,0,0,0,0,0,0,0
R_1JLSVTdubm5cnuq,0,0,0,0,0,0,0,0,0,0,0,0,0
R_2qgGFfIwcRscFIG,1,0,0,0,0,0,1,1,0,0,0,0,0
R_2zCIYSTgdNrIxEe,1,0,0,0,1,0,1,1,1,0,1,1,0
R_22ryrDhLrFaV6gt,0,0,0,0,0,0,0,0,0,0,0,0,0
R_cSACi5AvXUTBZ7z,0,0,0,0,0,0,0,0,0,0,0,0,0
R_3qQhZ8QWaIzIrWw,0,0,0,0,0,0,0,0,0,0,0,0,0
R_piSzHSduGFT9t1n,0,0,0,0,0,0,0,0,0,0,0,0,0
R_1roV6FTwXOgWjzQ,0,0,0,0,0,0,0,0,0,0,0,0,0
R_1nZ7VI7oZQvzdh2,0,0,0,0,0,0,0,0,0,0,0,0,0
R_296700S18JSmVdV,0,0,0,0,0,0,0,0,0,0,0,0,0
R_248xALVBstJCHaH,0,0,0,0,0,0,0,0,0,0,0,0,0
R_2wSUAJUt5h7I3rG,0,0,0,0,0,0,0,0,0,0,0,0,0
R_11bWFdkgoszFONg,0,0,0,0,0,0,0,0,0,0,0,0,0
R_SCVK1NvE6X356kV,0,0,0,0,0,0,0,0,0,0,0,0,0
R_2waHO4HMURxyL4i,0,0,0,0,0,0,0,0,0,0,0,0,0
R_2pKSKXKQFwAbCxS,0,0,0,0,0,0,0,0,0,0,0,0,0
R_xmcIlmGQC114nrr,0,0,0,0,0,0,0,0,0,0,0,0,0
R_Asq67sPwdGRZ3Zn,0,0,0,0,0,0,0,0,0,0,0,0,0
R_1IYhFmmOXrTd7a4,3,0,0,1,0,0,0,0,0,0,0,0,0
R_3dWEm73M7TNnFNy,0,0,0,0,0,0,0,0,0,0,0,0,0
R_2YX8lM9Oy22JdAN,0,0,0,0,0,0,0,0,0,0,0,0,0
R_3subDjb04vPjqAR,3,0,0,1,0,0,0,0,0,0,0,1,0
R_1dn4lxdlPhWyeAY,0,0,0,0,0,0,0,0,0,0,0,0,0
R_2D8EhLequE60HVT,0,0,0,0,0,0,0,0,0,0,0,0,0
R_eECFZ9BMPloyxWN,0,0,0,0,0,0,0,0,0,0,0,0,0
R_1f30FrbyPQXay9i,0,0,0,0,0,0,0,0,0,0,0,0,0
R_3KMxYo0Oo3gxJd7,0,0,0,0,0,0,0,0,0,0,0,0,0
R_2zGP23kVbhBNRvh,0,0,0,0,0,0,0,0,0,0,0,0,0
R_801rOGGSbAoPoZ3,0,0,0,0,0,0,0,0,0,0,0,0,0
R_eG4kBhempvj6zTj,0,0,0,0,0,0,0,0,0,0,0,0,0
R_cIltyHn49x5EF69,0,0,0,0,0,0,0,0,0,0,0,0,0
R_1Q9I8ZPrAI3XuPB,0,0,0,0,0,0,0,0,0,0,0,0,0
R_2EHjYtYT5hfCFYC,0,0,0,0,0,0,0,0,0,0,0,0,0
R_WljXSAOoR4T4ZdD,1,0,0,0,0,1,1,1,0,0,0,0,0
R_27KdRfkUYIjZRI3,0,0,0,0,0,0,0,0,0,0,0,0,0
R_11jxNI1o1FKtWyI,1,0,0,1,0,0,0,1,0,0,0,1,0
R_3nJb2tNLnNItJ9q,0,0,0,0,0,0,0,0,0,0,0,0,0
R_2ScaC6HlXtTosCh,3,0,0,1,0,0,1,1,0,0,0,1,0
R_ZlepKJlt6koldIt,2,0,1,1,1,3,0,0,0,1,1,0,0
R_1gjSWuwpCcnnAjU,3,0,0,0,1,1,0,0,0,0,1,1,0
R_Bun74NY3ftEqyqJ,1,0,0,1,1,1,0,0,0,0,1,0,0
R_8CC4IZ6TzBFFncB,1,0,0,1,0,1,0,1,0,0,1,0,0
R_2f9yvYqBOJE8kwv,1,0,0,1,0,1,0,1,0,1,1,0,0
R_p5xzMDRDIxUFDS9,1,0,0,0,1,0,0,0,0,0,0,0,0
R_3eKbRIu4YM6f4yt,1,0,0,0,1,0,0,0,0,0,0,0,0
R_2zSzem1H6Lc7m80,1,0,0,0,1,1,0,0,0,1,1,0,0
R_2ziS0Zx0MOL2jgk,1,0,0,1,0,1,1,1,0,1,0,1,0
R_1GTGnZSKs5zTQdu,1,0,0,0,1,0,0,0,0,1,1,0,0
R_Dc1veaAAxIpPLsl,1,0,0,1,0,1,1,1,0,0,1,1,0
R_2zZPyLPqlKVoXdz,0,0,0,0,0,0,0,0,0,0,0,0,0
R_31YNP4s6MxiMVYS,2,1,0,0,0,0,0,0,0,0,0,0,0
R_2QnxabtoxInOHGd,1,0,0,0,0,1,1,1,0,0,0,1,0
R_1gFwmIJAJVIKMXr,3,0,1,1,1,0,0,1,0,0,0,1,0
R_33d4GGVR4WqpEQ3,1,0,0,1,0,0,1,1,1,0,0,1,1
R_8uWtxJWlaefbVYd,1,0,0,0,0,1,1,1,0,0,0,1,0
R_3MSTsYzKwRfAyK4,1,0,0,0,0,1,1,1,1,1,0,1,0
R_cBEMHX46thoBcrv,3,0,0,1,0,0,1,1,1,1,1,1,1
R_3dKS2GD9bHK8mvP,3,0,1,1,0,0,0,1,1,0,1,0,0
R_1Fm4JaGv9buNmg0,1,0,1,1,1,0,1,1,0,0,0,0,0
R_21B4lW5abVJ1daX,1,0,0,1,0,0,1,1,1,0,1,1,0
R_tS8JFZ8QdZnojQt,1,0,0,0,0,1,1,1,0,1,0,0,0
R_Z9QHBvnhlutMUcV,3,0,0,1,0,0,1,1,0,0,1,1,1
R_1mxA71R2h860axy,1,0,1,1,1,1,0,1,0,0,0,1,0
R_2WI4DlbDqXTB4vY,1,0,0,0,1,1,1,1,0,0,0,1,0
R_2Pu0Xojf5rcvONy,1,0,0,1,0,0,1,1,0,0,1,1,1
R_4YGumZAFZLpgQ6t,1,0,1,1,1,1,0,1,0,0,0,1,0
R_1EXvo1pxVK00wv3,0,0,0,0,0,0,0,0,0,0,0,0,0
R_1pKFHeFNbFwViHR,0,0,0,0,0,0,0,0,0,0,0,0,0
R_BxrwlmuXy1BcPfz,1,1,0,0,0,1,0,0,0,0,0,0,1
R_wToD4jviSeRYxQl,0,0,0,0,0,0,0,0,0,0,0,0,0
R_Wd4QsrrHr9VzzKp,3,0,1,0,0,1,1,0,0,1,0,0,0
R_1eCNLhW5wqmAGHx,0,0,0,0,0,0,0,0,0,0,0,0,0
R_2fp8zgmLju0jB3y,0,0,0,0,0,0,0,0,0,0,0,0,0
R_21EYVylMemCoNcq,0,0,0,0,0,0,0,0,0,0,0,0,0
R_2RaIX0ZbDg2cny2,1,1,0,0,0,0,0,0,0,0,1,0,0
R_3iR6En9SfoWAjn8,0,0,0,0,0,0,0,0,0,0,0,0,0
R_1kIBKSVk7oi5eDv,0,0,0,0,0,0,0,0,0,0,0,0,0
R_2TEPGa8F5lpD6On,1,0,0,1,0,0,0,0,0,1,0,0,0
R_6VbhQZFgGmDnzGN,3,0,1,0,0,0,0,0,0,0,0,0,0
R_1PShjzupOIKbFwS,0,0,0,0,0,0,0,0,0,0,0,0,0
R_AdstMA4CmY1ob7P,0,0,0,0,0,0,0,0,0,0,0,0,0
R_pm9QRzMqCu2X3Gx,1,0,0,0,0,0,0,0,0,0,0,0,0
R_1q4FyFVUc2wXRdz,0,0,0,0,0,0,0,0,0,0,0,0,0
R_3EtWwWqnSqHZ5ZD,0,0,0,0,0,0,0,0,0,0,0,0,0
R_3staBZmM17k7Pxu,0,0,0,0,0,0,0,0,0,0,0,0,0
R_p3OZ0wWqGJdRUyZ,0,0,0,0,0,0,0,0,0,0,0,0,0
R_stlStNhJJX6qbpT,0,0,0,0,0,0,0,0,0,0,0,0,0
R_1LcAjs5N2vC4qGy,0,0,0,0,0,0,0,0,0,0,0,0,0
R_2dSEPETB2cYe4IH,0,0,0,0,0,0,0,0,0,0,0,0,0
R_Oy4wbJReMnC0gUh,0,0,0,0,0,0,0,0,0,0,0,0,0
R_DklT4ghiRhQfFZf,0,0,0,0,0,0,0,0,0,0,0,0,0
R_tErmRjPbLFIHFlv,0,0,0,0,0,0,0,0,0,0,0,0,0
R_2wdaea5KaogvuJf,0,0,0,0,0,0,0,0,0,0,0,0,0
R_qEm885nyW4onCJr,0,0,0,0,0,0,0,0,0,0,0,0,0
R_3imPZ6ZWO3D4H6P,0,0,0,0,0,0,0,0,0,0,0,0,0
R_2bJzEw1pcQldGZP,0,0,0,0,0,0,0,0,0,0,0,0,0
R_UYCbGiGcgKewQa5,0,0,0,0,0,0,0,0,0,0,0,0,0
R_1CDh3EXCYdO9o4H,0,0,0,0,0,0,0,0,0,0,0,0,0
R_Ad4yilrqOmQ3LEd,1,0,0,1,0,2,1,0,0,0,0,0,0
R_po4qkd9W8JB48jn,2,0,0,1,1,1,0,1,0,0,0,1,0
R_2U41AUAybi9Z3zt,1,0,0,0,0,0,1,0,0,0,0,1,0
R_2ydfnlVn2AfwCz7,1,0,0,1,0,1,1,0,0,1,0,0,0
R_1DoGyl2BWALGujl,1,0,0,0,0,0,0,0,0,0,0,1,0
R_2ZDhkU4NkEjkwYU,1,0,0,1,0,0,1,1,0,1,0,1,0
R_2dKiOHRNFHOn740,3,0,0,1,0,1,0,1,1,0,0,0,0
R_1Nt3AVQT3KBbSN0,2,0,0,1,0,0,1,0,0,0,0,0,0
R_2SkvSD3O223fCBR,3,0,0,1,0,0,0,0,0,1,0,1,0
R_1NgJmJHZtLuZnTZ,1,0,0,0,0,1,0,0,0,0,0,0,0
R_1fkJQLAoXK31Uh8,1,0,1,0,1,1,1,1,0,1,0,1,0
R_2QojFelbZqB8BuO,1,1,0,0,1,1,1,1,0,0,0,0,0
R_1jNYk5ad1Jywhs4,1,0,0,1,1,1,0,0,0,0,0,0,0
R_1hM9baZqfKRheRr,0,0,0,0,0,0,0,0,0,0,0,0,0
R_2rGEKp7a6PlMTAy,0,0,0,0,0,0,0,0,0,0,0,0,0
R_1F4ElqzQvpTsVnx,0,0,0,0,0,0,0,0,0,0,0,0,0
R_3fGLv2bZ381VVCM,0,0,0,0,0,0,0,0,0,0,0,0,0
R_3iKitfL4Ht13uzw,3,0,0,0,0,2,1,0,0,0,0,0,0
R_2abmILUMZtTInuc,3,0,0,0,0,0,1,1,1,0,0,0,0
R_2V89cvAv7LIW4eZ,1,0,0,0,0,4,0,0,0,0,0,0,0
R_e8KIdnaUvxNsm9b,0,0,0,0,0,0,0,0,0,0,0,0,0
R_1Hcov5UbwPapiKF,3,0,0,0,0,3,0,0,0,0,0,0,0
R_3PSNENnpcl4SCBA,1,0,0,0,0,1,0,0,0,1,0,0,0
R_51s3fUamPOjBQ4h,0,0,0,0,0,0,0,0,0,0,0,0,0
R_3ezCgcSzKSfEVPl,0,0,0,0,0,0,0,0,0,0,0,0,0
R_1IKMAIPMHljfCck,0,0,0,0,0,0,0,0,0,0,0,0,0
R_2YJLzTGtzorJxtN,3,0,0,0,0,1,1,1,0,1,0,0,0
R_3fYGVGDe9QoOYrp,1,0,0,0,0,1,0,0,0,0,0,0,0
R_2y17apOVodeVgvd,0,0,0,0,0,0,0,0,0,0,0,0,0
R_Xh6KUlFpTSIrcUV,1,1,0,0,0,0,1,1,0,0,0,0,0
R_Xq6KfwQXRQGRk3v,1,0,1,1,0,0,0,0,0,0,0,0,0
R_2bQsTpN09gxf0ym,0,0,0,0,0,0,0,0,0,0,0,0,0
R_tSvzrllMXbdWnvz,1,0,0,0,0,1,1,0,0,0,1,0,0
R_2Yb8QBmCsJepR33,0,0,0,0,0,0,0,0,0,0,0,0,0
R_6tEmuysQUBPTHZn,1,0,0,1,1,0,0,0,0,0,0,0,0
R_21curJ5o6B7ITnL,0,0,0,0,0,0,0,0,0,0,0,0,0
R_2q2Wu8QqNGF8Wxu,0,0,0,0,0,0,0,0,0,0,0,0,0
R_1mymeREvgiOsqZ9,1,0,0,0,0,1,0,0,1,0,0,0,0
R_vIAFhYFCREsOmeR,1,0,0,1,0,0,0,0,1,0,0,0,0
R_2BrZzUCVViu8zGp,2,1,0,0,0,0,0,0,0,0,0,0,0
R_2saI7jo4QtEJLFx,0,0,0,0,0,0,0,0,0,0,0,0,0
R_ehV15nEfyfLrfAR,2,1,1,1,0,0,1,0,0,0,0,0,0
R_2OUPERRiC6hgzGH,0,0,0,0,0,0,0,0,0,0,0,0,0
R_2UgvpfkmcxeNt4Y,0,0,0,0,0,0,0,0,0,0,0,0,0
R_262vgpROec11rpI,0,0,0,0,0,0,0,0,0,0,0,0,0
R_yR1Ou344rhXxwLT,2,0,0,0,1,1,0,0,1,0,0,0,0
R_3EM64T6zzj0iXUs,0,0,0,0,0,0,0,0,0,0,0,0,0
R_2uIqH2Y6bGJyCtY,1,0,0,1,0,1,0,0,0,0,0,0,0
R_3qkyLNlNgVoSwR7,1,0,1,0,0,3,0,0,0,0,1,0,0
R_1oCgzQlfJ0TW6t7,2,1,0,0,0,0,1,0,0,0,0,1,1
R_2BkBVF7A4quXfhh,0,0,0,0,0,0,0,0,0,0,0,0,0
R_1f42ZSNUtjpEkdx,1,1,0,0,0,2,1,0,0,1,0,1,0
R_yltm8Uik8VR0xjj,1,0,0,1,0,0,0,0,0,0,0,0,0
R_12uqXTHKq277v3G,1,0,0,0,0,1,0,0,0,0,0,1,0
R_10YiRLOyCH72swU,0,0,0,0,0,0,0,0,0,0,0,0,0
R_1jezpjoO2vGWqNq,0,0,0,0,0,0,0,0,0,0,0,0,0
R_2SwSQsZFBO6WFyG,3,0,0,1,0,0,1,0,0,1,1,1,1
R_1QbFv5Edda9M8YZ,1,0,0,0,0,2,0,0,0,0,0,0,0
R_28CCce7FQ3xJVtl,3,0,0,0,0,0,0,0,0,0,0,0,0
R_2ebqxdF6c2Dt0wH,0,0,0,0,0,0,0,0,0,0,0,0,0
R_2YnAl4egJnGeHq5,0,0,0,0,0,0,0,0,0,0,0,0,0
R_3oN1bH6AQ8jLdOy,3,0,0,0,0,1,1,1,0,1,0,0,0
R_xhzZK7paWwKz9gl,3,0,0,1,0,0,1,0,0,0,0,0,0
R_10JJF3HJyF40lFQ,3,0,0,1,0,0,1,0,0,0,0,0,0
R_Y9VrVew2iWUjgoF,3,1,0,0,1,0,1,1,1,0,0,0,0
R_2wQVAterO61LrXo,1,1,0,0,0,2,0,1,0,0,0,1,0
R_3ND2n3eu9foWWVP,1,0,0,0,0,0,1,1,0,0,0,0,0
R_29fRCKsicwAU79u,1,0,0,0,0,3,1,1,0,1,0,0,0
R_3p2WOf4zB2q8790,0,0,0,0,0,0,0,0,0,0,0,0,0
R_2YFWg6ha0z4gk2f,0,0,0,0,0,0,0,0,0,0,0,0,0
R_1k1hOVuHzmoE0WB,0,0,0,0,0,0,0,0,0,0,0,0,0
R_3I7AhSd4QtrJMoF,0,0,0,0,0,0,0,0,0,0,0,0,0
R_2z8txDQq1oTEx9F,0,0,0,0,0,0,0,0,0,0,0,0,0
R_1gAVF2H8cbyIUqi,0,0,0,0,0,0,0,0,0,0,0,0,0
R_1CEzs7DRUo5RlLH,0,0,0,0,0,0,0,0,0,0,0,0,0
R_RrzFYkSIgEHMIDf,0,0,0,0,0,0,0,0,0,0,0,0,0
R_1oAN3pbHNy9Xap7,0,0,0,0,0,0,0,0,0,0,0,0,0
R_PAHgYAvYaVM15Rv,0,0,0,0,0,0,0,0,0,0,0,0,0
R_30r7ih2b0nK3ds0,0,0,0,0,0,0,0,0,0,0,0,0,0
R_Zq6q4AbHhdKoIed,0,0,0,0,0,0,0,0,0,0,0,0,0
R_9uxExnH1kCXCms1,0,0,0,0,0,0,0,0,0,0,0,0,0
R_1mW6Wjwyriei78S,0,0,0,0,0,0,0,0,0,0,0,0,0
R_2Xd52DjDuSOcnpQ,0,0,0,0,0,0,0,0,0,0,0,0,0
R_prS3ofle68xUolr,0,0,0,0,0,0,0,0,0,0,0,0,0
R_3j8ViDtPBYZC4lZ,0,0,0,0,0,0,0,0,0,0,0,0,0
R_Avt6rKH0La9tkVr,0,0,0,0,0,0,0,0,0,0,0,0,0
R_27Tdqzg5QKqsrsA,0,0,0,0,0,0,0,0,0,0,0,0,0
R_25KL0pV55uubLtX,0,0,0,0,0,0,0,0,0,0,0,0,0
R_3oXSyqeH9PmmPzL,0,0,0,0,0,0,0,0,0,0,0,0,0
R_cMjf8xHv3UZnvDr,0,0,0,0,0,0,0,0,0,0,0,0,0
R_1gdrP35GtXntdKo,0,0,0,0,0,0,0,0,0,0,0,0,0
R_RProNJVcrHtzD2N,0,0,0,0,0,0,0,0,0,0,0,0,0
R_31yCd0TAbbareVC,0,0,0,0,0,0,0,0,0,0,0,0,0
R_3lLmQwlpz7geJJZ,0,0,0,0,0,0,0,0,0,0,0,0,0
R_1Q9KRWrm21EwDb4,0,0,0,0,0,0,0,0,0,0,0,0,0
R_1ONO3MdapJfha9v,0,0,0,0,0,0,0,0,0,0,0,0,0
R_31gB1pPWKA7pFc7,3,0,0,1,0,0,0,0,0,1,0,0,0
R_3PUpIQ6EmeDtKsg,3,1,0,1,0,0,1,0,0,0,0,0,0
R_3KHp9ZJhtli1SZH,1,1,0,1,0,0,0,0,0,0,0,1,0
R_3Rr253NF4XVeEds,1,1,0,0,0,0,1,1,0,1,0,1,0
R_3indtYXX46HCPJn,3,0,0,1,0,1,0,0,0,0,1,1,0
R_3lMu6B7cNpntzm5,0,0,0,0,0,0,0,0,0,0,0,0,0
R_3LcBJGjgRVK0Ykw,0,0,0,0,0,0,0,0,0,0,0,0,0
R_3s1dDSlfPBJNyhg,0,0,0,0,0,0,0,0,0,0,0,0,0
R_ZL7hnhFhoXuX5Sh,0,0,0,0,0,0,0,0,0,0,0,0,0
R_1QydsiiQWnSxCHf,0,0,0,0,0,0,0,0,0,0,0,0,0
R_1lzTPnkppee2YVF,2,0,0,0,0,1,0,1,0,0,0,0,0
R_5atqp7BCHUaPjlT,2,1,0,1,0,0,1,0,0,0,0,0,0
R_zcHZeNiywSINE5j,2,1,0,0,0,0,0,1,0,0,0,0,0
R_2fIGhztzHA3lR8L,2,0,0,1,0,1,1,0,0,1,1,0,0
R_C852LcFKtJKbRL3,1,0,1,1,0,0,0,0,1,1,0,0,0
R_10BHDojnZUjbMsz,0,0,0,0,0,0,0,0,0,0,0,0,0
R_11YDthojUjVr7ik,0,0,0,0,0,0,0,0,0,0,0,0,0
R_3haxCOkAGPAitum,1,0,0,0,0,4,0,1,0,0,0,0,0
R_3m9pE9HhKbHOQKj,3,0,0,1,0,0,1,0,1,1,0,1,0
R_DNbKnBTDGjR8o5r,3,0,0,0,0,1,1,1,1,1,0,0,0
R_9YWMA7cSLo68L3b,2,0,0,0,1,0,0,1,1,1,0,0,0
R_33a7TbKNaG40V24,0,0,0,0,0,0,0,0,0,0,0,0,0
R_1GFhUPn8NaCaLPX,3,0,0,0,0,1,0,0,1,0,0,0,0
R_2SruV9z5JnA93nn,0,0,0,0,0,0,0,0,0,0,0,0,0
R_27qvIdHfTtxOxAN,0,0,0,0,0,0,0,0,0,0,0,0,0
R_2AQD3aL1olOQ2gZ,0,0,0,0,0,0,0,0,0,0,0,0,0
R_qR3CKCRYHT60Czf,0,0,0,0,0,0,0,0,0,0,0,0,0
R_1daSZCvCEvDzaLE,1,0,0,0,0,0,1,1,0,0,0,1,0
R_2hrtotzZK0N2q41,0,0,0,0,0,0,0,0,0,0,0,0,0
R_3fN7B12ZgCUzonN,3,0,0,0,0,0,1,0,0,0,0,1,0
R_p0DuMGeBcz7lXvb,0,0,0,0,0,0,0,0,0,0,0,0,0
R_sT0DNRvBulI6T2p,0,0,0,0,0,0,0,0,0,0,0,0,0
R_3t20HhCvmc4wbTz,1,0,0,0,0,0,0,0,1,0,0,0,0
R_2VstNUOWLx89yWh,1,0,1,0,0,0,1,1,0,1,0,0,0
R_x3oiBO6Bw7f3laF,0,0,0,0,0,0,0,0,0,0,0,0,0
R_3P5jWTWmiUQ78Jo,0,0,0,0,0,0,0,0,0,0,0,0,0
R_bvz7AQTWHBAGXTj,0,0,0,0,0,0,0,0,0,0,0,0,0
R_UW4UEqSZQzgv4lj,0,0,0,0,0,0,0,0,0,0,0,0,0
R_2zIpcxCoYEb3m4G,0,0,0,0,0,0,0,0,0,0,0,0,0
R_3iClE1OodzTSNPi,0,0,0,0,0,0,0,0,0,0,0,0,0
R_1P6PE71HHMwhjSa,0,0,0,0,0,0,0,0,0,0,0,0,0
R_2rkBxPCDBO69hpf,0,0,0,0,0,0,0,0,0,0,0,0,0
R_2UbUQpWYi1SzcEL,0,0,0,0,0,0,0,0,0,0,0,0,0
R_AjP1KbUiYCgtGTf,0,0,0,0,0,0,0,0,0,0,0,0,0
R_yKjW1RLv9qHkqCR,0,0,0,0,0,0,0,0,0,0,0,0,0
R_6zldrEHHv6xgQuZ,0,0,0,0,0,0,0,0,0,0,0,0,0
R_TcIIPnSKaCubQhH,0,0,0,0,0,0,0,0,0,0,0,0,0
R_3g2iZnrXcr8oBCf,0,0,0,0,0,0,0,0,0,0,0,0,0
R_5mB5PxGXptCxcA1,0,0,0,0,0,0,0,0,0,0,0,0,0
R_6FhkTVzyuVBa8oh,0,0,0,0,0,0,0,0,0,0,0,0,0
R_eE4Qst9yOkty9z3,0,0,0,0,0,0,0,0,0,0,0,0,0
R_5BkC1kHhz1P8Lrb,0,0,0,0,0,0,0,0,0,0,0,0,0
R_3FLicknHJCHj5vp,0,0,0,0,0,0,0,0,0,0,0,0,0
R_2Ecs9NahdxPZMIs,0,0,0,0,0,0,0,0,0,0,0,0,0
R_3DdUuapj4T9tKfK,0,0,0,0,0,0,0,0,0,0,0,0,0
R_3e1SHxPAIYcozQY,0,0,0,0,0,0,0,0,0,0,0,0,0
R_2zeXQItO6BUMvSl,0,0,0,0,0,0,0,0,0,0,0,0,0
R_3lXmEX8uXHD1ZON,0,0,0,0,0,0,0,0,0,0,0,0,0
R_1mxgVoc6k4Mtg9Z,0,0,0,0,0,0,0,0,0,0,0,0,0
R_2ZQZFklIqp0fS9b,0,0,0,0,0,0,0,0,0,0,0,0,0
R_w5ZovTKgGCQzCZr,0,0,0,0,0,0,0,0,0,0,0,0,0
R_AgNMm16Mf1UfU7D,0,0,0,0,0,0,0,0,0,0,0,0,0
R_2XjNyZCAoOvcKmW,0,0,0,0,0,0,0,0,0,0,0,0,0
R_3097co2XxvMFtfO,0,0,0,0,0,0,0,0,0,0,0,0,0
R_3qw0Adpc8jpvVYY,0,0,0,0,0,0,0,0,0,0,0,0,0
R_yL9Tt7CNaxS52y5,0,0,0,0,0,0,0,0,0,0,0,0,0
R_1Nw4YahlOje93H9,0,0,0,0,0,0,0,0,0,0,0,0,0
R_1eDCgue7gKFxerw,0,0,0,0,0,0,0,0,0,0,0,0,0
R_pKHbi5duNueN129,0,0,0,0,0,0,0,0,0,0,0,0,0
R_33vBskb6T1xen1U,0,0,0,0,0,0,0,0,0,0,0,0,0
R_24k4JpSALQ4Vwmy,0,0,0,0,0,0,0,0,0,0,0,0,0
R_uxdu2y07UHR80WB,0,0,0,0,0,0,0,0,0,0,0,0,0
R_NWL04nnOAObpdmN,0,0,0,0,0,0,0,0,0,0,0,0,0
R_2cv0jfhFGWQxnLy,0,0,0,0,0,0,0,0,0,0,0,0,0
R_2rxrIxP2bnmLxVN,0,0,0,0,0,0,0,0,0,0,0,0,0
R_2bNmVwCVhYW92iT,0,0,0,0,0,0,0,0,0,0,0,0,0
R_3fxkxvRP6vVmYMe,0,0,0,0,0,0,0,0,0,0,0,0,0
R_1N48PPdUT49YzLY,0,0,0,0,0,0,0,0,0,0,0,0,0
R_DfdDARtaJ0UMK1H,0,0,0,0,0,0,0,0,0,0,0,0,0
R_DT88Dp7eRE00mEp,0,0,0,0,0,0,0,0,0,0,0,0,0
R_2dAy1nB6396AKhh,0,0,0,0,0,0,0,0,0,0,0,0,0
R_3OpM4NBz6mieUKu,0,0,0,0,0,0,0,0,0,0,0,0,0
R_2D5ommFsLEkVtEF,0,0,0,0,0,0,0,0,0,0,0,0,0
R_1N4SiFegRVCNBnl,0,0,0,0,0,0,0,0,0,0,0,0,0
R_1IY0yDLhiir67ZF,0,0,0,0,0,0,0,0,0,0,0,0,0
R_2xGelhL1ey6Ffr8,0,0,0,0,0,0,0,0,0,0,0,0,0
R_3P5ZkBOfY7wm9ql,0,0,0,0,0,0,0,0,0,0,0,0,0
R_3es1c4kXcmxQx0Z,0,0,0,0,0,0,0,0,0,0,0,0,0
R_2wH0Pr5BhUyDEDd,0,0,0,0,0,0,0,0,0,0,0,0,0
R_dp5vXwbb77MvPd7,0,0,0,0,0,0,0,0,0,0,0,0,0
R_3htjiTtC2oSR8jw,0,0,0,0,0,0,0,0,0,0,0,0,0
R_216BT3oBElMQaEz,0,0,0,0,0,0,0,0,0,0,0,0,0
R_vdBeftCR0jtclqN,0,0,0,0,0,0,0,0,0,0,0,0,0
R_2fkPIU5rT58z8i1,0,0,0,0,0,0,0,0,0,0,0,0,0
R_1gFuQvSDc0bcha5,0,0,0,0,0,0,0,0,0,0,0,0,0
R_31MoKBRy5uMYWKA,0,0,0,0,0,0,0,0,0,0,0,0,0
R_xeYVIbHS4LBvxux,0,0,0,0,0,0,0,0,0,0,0,0,0
R_26eAUKHiUehepFp,0,0,0,0,0,0,0,0,0,0,0,0,0
R_10ME9iZOspME86w,0,0,0,0,0,0,0,0,0,0,0,0,0
R_2EpkShSWzMg046o,0,0,0,0,0,0,0,0,0,0,0,0,0
R_3qWFoswkfasLq3n,0,0,0,0,0,0,0,0,0,0,0,0,0
R_1Cs9JyUn1pqauhN,0,0,0,0,0,0,0,0,0,0,0,0,0
R_3oR5LX6bwpG4H9d,0,0,0,0,0,0,0,0,0,0,0,0,0
R_214fXyNvXTH3cTQ,0,0,0,0,0,0,0,0,0,0,0,0,0
R_1qe2bzTKJ8nDGoW,0,0,0,0,0,0,0,0,0,0,0,0,0
R_1o84iKzuwnaWieY,0,0,0,0,0,0,0,0,0,0,0,0,0
R_1MJNbPNu1CWNxTn,0,0,0,0,0,0,0,0,0,0,0,0,0
R_10YgZjJAcEWNgZl,0,0,0,0,0,0,0,0,0,0,0,0,0
R_3PpMWepjWN3fvby,0,0,0,0,0,0,0,0,0,0,0,0,0
R_bwmRzViyRBliX8B,0,0,0,0,0,0,0,0,0,0,0,0,0
R_3h5yY6WXlhlBbcS,0,0,0,0,0,0,0,0,0,0,0,0,0
R_3EEd5tvdLpibtp2,0,0,0,0,0,0,0,0,0,0,0,0,0
R_8uI9IKbHCLRiCEV,0,0,0,0,0,0,0,0,0,0,0,0,0
R_3hyV67OldX0V92Q,0,0,0,0,0,0,0,0,0,0,0,0,0
R_2CxF4sf2BMAbBfn,0,0,0,0,0,0,0,0,0,0,0,0,0
R_28TnSGUscgaQBDc,0,0,0,0,0,0,0,0,0,0,0,0,0
R_UxxhntBzyC8fEuR,0,0,0,0,0,0,0,0,0,0,0,0,0
R_yy9ou2lSwV0PwLT,0,0,0,0,0,0,0,0,0,0,0,0,0
R_bOh10sXCThkEX3r,0,0,0,0,0,0,0,0,0,0,0,0,0
R_vcbaonorWGCkPS1,0,0,0,0,0,0,0,0,0,0,0,0,0
R_xm9RJDCscGearrr,0,0,0,0,0,0,0,0,0,0,0,0,0
R_1gpUMTq4uvXgr67,0,0,0,0,0,0,0,0,0,0,0,0,0
R_5jXvHRUR6RxE24N,0,0,0,0,0,0,0,0,0,0,0,0,0
R_3RsZlyUdARFAk5r,0,0,0,0,0,0,0,0,0,0,0,0,0
R_A4E71kvltYVUfJL,0,0,0,0,0,0,0,0,0,0,0,0,0
R_2AZI9e63B7mChdb,0,0,0,0,0,0,0,0,0,0,0,0,0
R_3KYIGtgTrVVE5pk,0,0,0,0,0,0,0,0,0,0,0,0,0
R_cBjnJI5EWa6AAhP,0,0,0,0,0,0,0,0,0,0,0,0,0
R_1jEaMPSbpt545Ce,0,0,0,0,0,0,0,0,0,0,0,0,0
R_egKDPpxwlp3SI0h,0,0,0,0,0,0,0,0,0,0,0,0,0
R_1i9dp5xU770gskn,0,0,0,0,0,0,0,0,0,0,0,0,0
R_9BrcCUGc1w3jk53,0,0,0,0,0,0,0,0,0,0,0,0,0
R_Q6ewGcBpu1Drumt,0,0,0,0,0,0,0,0,0,0,0,0,0
R_A1KE6y2dfBxhr7r,0,0,0,0,0,0,0,0,0,0,0,0,0
R_1r9tNi7gIN3OZGe,0,0,0,0,0,0,0,0,0,0,0,0,0
R_2AXWatuniZrIQ79,0,0,0,0,0,0,0,0,0,0,0,0,0
R_114McmHdGFunskk,0,0,0,0,0,0,0,0,0,0,0,0,0
R_cJg5p7wOwai3zJD,0,0,0,0,0,0,0,0,0,0,0,0,0
R_2fa3tGuJ4vKLIy5,0,0,0,0,0,0,0,0,0,0,0,0,0
R_31ibIo6QGM8JLrQ,0,0,0,0,0,0,0,0,0,0,0,0,0
R_vxyNPKW9zHVYoed,0,0,0,0,0,0,0,0,0,0,0,0,0
R_pKHp4ofwT3jpnC9,0,0,0,0,0,0,0,0,0,0,0,0,0
R_3HT77v9az8XFt2r,0,0,0,0,0,0,0,0,0,0,0,0,0
R_2dSls5kcBFw5QAK,0,0,0,0,0,0,0,0,0,0,0,0,0
R_2v03Uu3l2QmAJr3,0,0,0,0,0,0,0,0,0,0,0,0,0
R_2y2vfl8AOSPYaC0,0,0,0,0,0,0,0,0,0,0,0,0,0
R_3HGHIaVAHFQ62fr,0,0,0,0,0,0,0,0,0,0,0,0,0
R_2Eh2QIfkeinAb5M,0,0,0,0,0,0,0,0,0,0,0,0,0
R_2aeNcWixI3fheyK,0,0,0,0,0,0,0,0,0,0,0,0,0
R_2t56mL7lYRmHnO4,0,0,0,0,0,0,0,0,0,0,0,0,0
R_1eJiyPIPSzpkYfO,0,0,0,0,0,0,0,0,0,0,0,0,0
R_UWLRFuZayxTfFqp,0,0,0,0,0,0,0,0,0,0,0,0,0
R_86b4vkOzELF5mVP,0,0,0,0,0,0,0,0,0,0,0,0,0
R_C7hUgpdyIC5WWbf,0,0,0,0,0,0,0,0,0,0,0,0,0
R_sySnQtDy9UznZjr,0,0,0,0,0,0,0,0,0,0,0,0,0
R_33yyYgPcOy7XCLv,0,0,0,0,0,0,0,0,0,0,0,0,0
R_ULruVpUwAOL7w5P,0,0,0,0,0,0,0,0,0,0,0,0,0
R_1Fst4e7D3BG2pPb,0,0,0,0,0,0,0,0,0,0,0,0,0
R_xatlCa0qEKLFddv,0,0,0,0,0,0,0,0,0,0,0,0,0
R_2dpdvmkZfJMEUez,0,0,0,0,0,0,0,0,0,0,0,0,0
R_2qdS7y7T9BeFCq2,0,0,0,0,0,0,0,0,0,0,0,0,0
R_2PsOB8WA3pI4ugm,0,0,0,0,0,0,0,0,0,0,0,0,0
R_2S9d0i4c1E4QUti,0,0,0,0,0,0,0,0,0,0,0,0,0
R_2wc7U2Ib0eaen3Z,0,0,0,0,0,0,0,0,0,0,0,0,0
R_1QuYhizoGF63oft,0,0,0,0,0,0,0,0,0,0,0,0,0
R_1M05w0Mdtr6QpJz,0,0,0,0,0,0,0,0,0,0,0,0,0
R_VOTGFwgeEJXdvSF,0,0,0,0,0,0,0,0,0,0,0,0,0
R_3gYhpmor6RMOQOI,0,0,0,0,0,0,0,0,0,0,0,0,0
R_1f8BDpd76WLcC60,0,0,0,0,0,0,0,0,0,0,0,0,0
R_d1ne3qoNfFYErOV,0,0,0,0,0,0,0,0,0,0,0,0,0
R_33dPIoCysYsKsdD,0,0,0,0,0,0,0,0,0,0,0,0,0
R_1QimLob7vqBGSK5,0,0,0,0,0,0,0,0,0,0,0,0,0
R_3PXCmrNsSXizBJK,0,0,0,0,0,0,0,0,0,0,0,0,0
R_O11sLghygUBP52p,0,0,0,0,0,0,0,0,0,0,0,0,0
R_1QLeURs8xVmR8cx,0,0,0,0,0,0,0,0,0,0,0,0,0
R_1qaBft4MS2zvBVn,0,0,0,0,0,0,0,0,0,0,0,0,0
R_25MzZCowOZdX3Xd,0,0,0,0,0,0,0,0,0,0,0,0,0
R_3dYRwoNLJyyASnv,0,0,0,0,0,0,0,0,0,0,0,0,0
R_3QQ6YSfbH9azgio,0,0,0,0,0,0,0,0,0,0,0,0,0
R_3mfavvgBRwd2yYe,0,0,0,0,0,0,0,0,0,0,0,0,0
R_12Daxj52H5Vz582,0,0,0,0,0,0,0,0,0,0,0,0,0
R_1ISildrTrijD7Ks,0,0,0,0,0,0,0,0,0,0,0,0,0
R_3JEJCOzGMHktVW0,0,0,0,0,0,0,0,0,0,0,0,0,0
R_eJb6upPYTrtappf,0,0,0,0,0,0,0,0,0,0,0,0,0
R_3m9u7wcEfa3ITf2,0,0,0,0,0,0,0,0,0,0,0,0,0
R_1P1TOrBSU52Wn85,0,0,0,0,0,0,0,0,0,0,0,0,0
R_331fbAGgvQ8bwz2,0,0,0,0,0,0,0,0,0,0,0,0,0
R_wYwdNHBEvVTturT,0,0,0,0,0,0,0,0,0,0,0,0,0
R_3n62Ny5Mwht1AzK,0,0,0,0,0,0,0,0,0,0,0,0,0
R_3m4QBqVvH7AzZ2h,0,0,0,0,0,0,0,0,0,0,0,0,0
R_3stziPEAL6HbK4y,0,0,0,0,0,0,0,0,0,0,0,0,0
R_1jHdDCmdXCBthk5,0,0,0,0,0,0,0,0,0,0,0,0,0
R_1hz1eHyQFLA60tf,0,0,0,0,0,0,0,0,0,0,0,0,0
R_1C9Z0FJq4nYxoUN,0,0,0,0,0,0,0,0,0,0,0,0,0
R_2aXh8qBWksU94EK,0,0,0,0,0,0,0,0,0,0,0,0,0
R_qwSuq91R8ayPBND,0,0,0,0,0,0,0,0,0,0,0,0,0
R_1dN9oBh1DP2cJpj,0,0,0,0,0,0,0,0,0,0,0,0,0
R_3CQ8XnokqoW5gl6,0,0,0,0,0,0,0,0,0,0,0,0,0
R_1oj7U0SYy8VkJZU,0,0,0,0,0,0,0,0,0,0,0,0,0
R_3O1dUlg7STn8ve3,0,0,0,0,0,0,0,0,0,0,0,0,0
R_1JRqESwS8oVURup,0,0,0,0,0,0,0,0,0,0,0,0,0
R_2veQc7Tlc1BoSZg,0,0,0,0,0,0,0,0,0,0,0,0,0
R_1mDIQ5hSHqt90XX,0,0,0,0,0,0,0,0,0,0,0,0,0
R_10wa6ZukQssST60,0,0,0,0,0,0,0,0,0,0,0,0,0
R_2zGavdObhZMFMp8,0,0,0,0,0,0,0,0,0,0,0,0,0
R_2qdCjiUEA660ySw,0,0,0,0,0,0,0,0,0,0,0,0,0
R_2fkfLbU4CkPTsbc,0,0,0,0,0,0,0,0,0,0,0,0,0
R_1pVy0OxPStfsCSD,0,0,0,0,0,0,0,0,0,0,0,0,0
R_7aOMZmtew0uoH6x,0,0,0,0,0,0,0,0,0,0,0,0,0
R_1N3yWE3jJ2yhakz,0,0,0,0,0,0,0,0,0,0,0,0,0
R_78KTrEfgmZtKOyt,0,0,0,0,0,0,0,0,0,0,0,0,0
R_21mQ35j5N21XKjV,0,0,0,0,0,0,0,0,0,0,0,0,0
R_1CvxpetJGJroWH4,0,0,0,0,0,0,0,0,0,0,0,0,0
R_3fQ7pOl7RdMUOtK,0,0,0,0,0,0,0,0,0,0,0,0,0
R_O0vJ41sBnkNfS4V,0,0,0,0,0,0,0,0,0,0,0,0,0
R_31EnbFZMBZDkLyl,0,0,0,0,0,0,0,0,0,0,0,0,0
R_2BgkGBrXBmOXsaf,0,0,0,0,0,0,0,0,0,0,0,0,0
R_z7EPKNEz8fYCtUJ,0,0,0,0,0,0,0,0,0,0,0,0,0
R_2QheZ1LLXXahP3f,0,0,0,0,0,0,0,0,0,0,0,0,0
R_1dmNMcx9Wb0tDiU,0,0,0,0,0,0,0,0,0,0,0,0,0
R_216q7PWX78I9Rrt,0,0,0,0,0,0,0,0,0,0,0,0,0
R_ZIZakYmXjlhveyR,0,0,0,0,0,0,0,0,0,0,0,0,0
R_bjQooGz1Xaxukc9,0,0,0,0,0,0,0,0,0,0,0,0,0
R_3nT0ReLLGpwEFyT,0,0,0,0,0,0,0,0,0,0,0,0,0
R_2QA7sKH6h8q8max,0,0,0,0,0,0,0,0,0,0,0,0,0
R_2B8nNBkemigGZNm,0,0,0,0,0,0,0,0,0,0,0,0,0
R_51iFRktqpy4VmiR,0,0,0,0,0,0,0,0,0,0,0,0,0
R_2ANi2XSExkgpUB2,0,0,0,0,0,0,0,0,0,0,0,0,0
R_3fkIsdvXGNav6Jw,0,0,0,0,0,0,0,0,0,0,0,0,0
R_1nOr7qCYh4gXr7J,0,0,0,0,0,0,0,0,0,0,0,0,0
R_3O0aGiLxwjtpvUw,0,0,0,0,0,0,0,0,0,0,0,0,0
R_3qTZKjDblKpYhd8,0,0,0,0,0,0,0,0,0,0,0,0,0
R_2CWjVqpUNiHvaxr,0,0,0,0,0,0,0,0,0,0,0,0,0
R_0ceMviyOMGc5dfP,0,0,0,0,0,0,0,0,0,0,0,0,0
R_2rCwaRU8L19VpLt,0,0,0,0,0,0,0,0,0,0,0,0,0
R_3qkEqflXpatgDk7,0,0,0,0,0,0,0,0,0,0,0,0,0
R_3Rfr5RGwpUyl648,0,0,0,0,0,0,0,0,0,0,0,0,0
R_CjEGFaXGjFvPxN7,0,0,0,0,0,0,0,0,0,0,0,0,0
R_2TXLv8Hc79a7I2E,0,0,0,0,0,0,0,0,0,0,0,0,0
R_b3OkMfkJYhbjkzv,0,0,0,0,0,0,0,0,0,0,0,0,0
R_3jSZvaWUMpMfkyu,0,0,0,0,0,0,0,0,0,0,0,0,0
R_1msfC6csy04qq58,0,0,0,0,0,0,0,0,0,0,0,0,0
R_294CYmxNf3m6ujF,0,0,0,0,0,0,0,0,0,0,0,0,0
R_1hM9rV1R56IbBq3,0,0,0,0,0,0,0,0,0,0,0,0,0
R_YPk52XSmINxcONH,0,0,0,0,0,0,0,0,0,0,0,0,0
R_2fprf6OuMjo1FYN,0,0,0,0,0,0,0,0,0,0,0,0,0
R_3fiTMbUt2HmePjA,0,0,0,0,0,0,0,0,0,0,0,0,0
R_3Ptd4d5FZkVuVPt,0,0,0,0,0,0,0,0,0,0,0,0,0
R_2wtBw9FK55x522L,0,0,0,0,0,0,0,0,0,0,0,0,0
R_AuDBIHPv7bPAuNr,0,0,0,0,0,0,0,0,0,0,0,0,0
R_3HjNKB1BJawPBVq,0,0,0,0,0,0,0,0,0,0,0,0,0
R_NVJRzKda9MGl0BP,0,0,0,0,0,0,0,0,0,0,0,0,0
R_1P1apK7GM7vCk76,0,0,0,0,0,0,0,0,0,0,0,0,0
R_r26DZMD2J9fszQd,0,0,0,0,0,0,0,0,0,0,0,0,0
R_1d5dtC7d0CMX2qM,0,0,0,0,0,0,0,0,0,0,0,0,0
R_Tw7xqvYmNTmUYmt,0,0,0,0,0,0,0,0,0,0,0,0,0
R_2b0OxLRB03mZXs8,0,0,0,0,0,0,0,0,0,0,0,0,0
R_YbParO8bOYIMjyp,0,0,0,0,0,0,0,0,0,0,0,0,0
R_2EjbeI89sd7tfH4,0,0,0,0,0,0,0,0,0,0,0,0,0
R_3JCao0uVf7cu4nD,0,0,0,0,0,0,0,0,0,0,0,0,0
R_2TSnBfnxW7lO1aR,0,0,0,0,0,0,0,0,0,0,0,0,0
R_2tDMFznY4qBvxLb,0,0,0,0,0,0,0,0,0,0,0,0,0
R_21mQJzLu3W5epdf,0,0,0,0,0,0,0,0,0,0,0,0,0
R_3e8rYSVmCgszAfr,0,0,0,0,0,0,0,0,0,0,0,0,0
R_OBi7mRPoEM8HpV7,0,0,0,0,0,0,0,0,0,0,0,0,0
R_25EYiWFVI2f57CJ,0,0,0,0,0,0,0,0,0,0,0,0,0
R_ewzxdDCfvSm9iqR,0,0,0,0,0,0,0,0,0,0,0,0,0
R_23fcDMBM0655nOx,0,0,0,0,0,0,0,0,0,0,0,0,0
R_2U5he7GLgzpfMzA,0,0,0,0,0,0,0,0,0,0,0,0,0
R_1GDNp00MFhBSPZ2,0,0,0,0,0,0,0,0,0,0,0,0,0
R_1DNMtOi4kjADNc0,0,0,0,0,0,0,0,0,0,0,0,0,0
R_b2G9nWBXRgkvxsd,0,0,0,0,0,0,0,0,0,0,0,0,0
R_ZKTQbaTrddmbtEl,0,0,0,0,0,0,0,0,0,0,0,0,0
R_3lFiGgSsLx6dQbo,0,0,0,0,0,0,0,0,0,0,0,0,0
R_3PgA3Gs8POUNnuz,0,0,0,0,0,0,0,0,0,0,0,0,0
R_3nMM8nZycFW9yUs,0,0,0,0,0,0,0,0,0,0,0,0,0
R_24vEKCUSqLMs408,0,0,0,0,0,0,0,0,0,0,0,0,0
R_Z3hMhuHdXKoEFB7,0,0,0,0,0,0,0,0,0,0,0,0,0
R_ey9msIzNmlC4NZT,0,0,0,0,0,0,0,0,0,0,0,0,0
R_0CUAXG9SX6qfPXz,0,0,0,0,0,0,0,0,0,0,0,0,0
R_415Z2YcTs62Xg0p,0,0,0,0,0,0,0,0,0,0,0,0,0
R_1mLczvOoJk5kMvK,0,0,0,0,0,0,0,0,0,0,0,0,0
R_eQWZfpWQpgikwcV,0,0,0,0,0,0,0,0,0,0,0,0,0
R_2V9DXnF3ZMXwWnv,0,0,0,0,0,0,0,0,0,0,0,0,0
R_1IAZjsyoImlsC8Z,0,0,0,0,0,0,0,0,0,0,0,0,0
R_3hgyToAKiexCsbd,0,0,0,0,0,0,0,0,0,0,0,0,0
R_BsxmizBOAb8KYrT,0,0,0,0,0,0,0,0,0,0,0,0,0
R_1Pdbf5PMobYFZOb,0,0,0,0,0,0,0,0,0,0,0,0,0
R_25utfTMKc4UkXlj,0,0,0,0,0,0,0,0,0,0,0,0,0
R_21HfBMX63N2tGAA,0,0,0,0,0,0,0,0,0,0,0,0,0
R_27PbHLvR9U5OIPJ,0,0,0,0,0,0,0,0,0,0,0,0,0
R_2xRD8aDKg1oGyg5,0,0,0,0,0,0,0,0,0,0,0,0,0
R_2WU7tP1HzEq56UB,0,0,0,0,0,0,0,0,0,0,0,0,0
R_2cpcgWOxORgbIOk,0,0,0,0,0,0,0,0,0,0,0,0,0
R_Ov5ZTGJZjdyxUfD,0,0,0,0,0,0,0,0,0,0,0,0,0
R_3oI58lTAzkYJAXj,0,0,0,0,0,0,0,0,0,0,0,0,0
R_2dMakpv0yiMDNKh,0,0,0,0,0,0,0,0,0,0,0,0,0
R_1Gwb44QZWUSEJJd,0,0,0,0,0,0,0,0,0,0,0,0,0
R_3g0KaDsi1bMN61y,0,0,0,0,0,0,0,0,0,0,0,0,0
R_2tLnEsd55pw5re3,0,0,0,0,0,0,0,0,0,0,0,0,0
R_1oAPo8fOhqWWf5y,0,0,0,0,0,0,0,0,0,0,0,0,0
R_21b98DhFlVdxhrK,0,0,0,0,0,0,0,0,0,0,0,0,0
R_2wTZXNeUulQqOvt,0,0,0,0,0,0,0,0,0,0,0,0,0
R_ymQ2UoVKgHjHy9P,0,0,0,0,0,0,0,0,0,0,0,0,0
R_2rMjDwfSQ1iiT2w,0,0,0,0,0,0,0,0,0,0,0,0,0
R_DwXEqhtb8lTmxC9,0,0,0,0,0,0,0,0,0,0,0,0,0
R_2tx2kUIChYPgyNr,0,0,0,0,0,0,0,0,0,0,0,0,0
R_WCCVNgKPPtd0mn7,0,0,0,0,0,0,0,0,0,0,0,0,0
R_3npGTm2spJBstIf,0,0,0,0,0,0,0,0,0,0,0,0,0
R_3CIMx6qDtqWN82E,0,0,0,0,0,0,0,0,0,0,0,0,0
R_25yZPiZSsZDJzLT,0,0,0,0,0,0,0,0,0,0,0,0,0
R_21zff0v3ZreK2St,0,0,0,0,0,0,0,0,0,0,0,0,0
R_1MXrAgKaM6BlMmT,0,0,0,0,0,0,0,0,0,0,0,0,0
R_REJThLFjOGq6ADL,0,0,0,0,0,0,0,0,0,0,0,0,0
R_2V4NG6x0O6sAN0v,0,0,0,0,0,0,0,0,0,0,0,0,0
R_2COD7dSaZrR3mbx,0,0,0,0,0,0,0,0,0,0,0,0,0
R_1NlImQ9uKxEEliZ,0,0,0,0,0,0,0,0,0,0,0,0,0
R_SVjl7wr3vvcHcid,0,0,0,0,0,0,0,0,0,0,0,0,0
R_245HQLJ64YnCEdN,0,0,0,0,0,0,0,0,0,0,0,0,0
R_8oWWYFcaINKwwpj,0,0,0,0,0,0,0,0,0,0,0,0,0
R_1JCTr6Ceq9VVwnX,0,0,0,0,0,0,0,0,0,0,0,0,0
R_10rBiagCLhat4Ci,0,0,0,0,0,0,0,0,0,0,0,0,0
R_WkS8KULzpeVj7u9,0,0,0,0,0,0,0,0,0,0,0,0,0
R_2PuNbVODpFj01mb,0,0,0,0,0,0,0,0,0,0,0,0,0
R_324vs2M6ZrT3mQj,0,0,0,0,0,0,0,0,0,0,0,0,0
R_10vjqQ098L1DB0D,0,0,0,0,0,0,0,0,0,0,0,0,0
R_3hfna7oJ6cpj1qF,0,0,0,0,0,0,0,0,0,0,0,0,0
R_3fjlLaAT2SWdWEP,0,0,0,0,0,0,0,0,0,0,0,0,0
R_2AGWpjlMC78Y2Qx,0,0,0,0,0,0,0,0,0,0,0,0,0
R_3GwEbGcMZlVZh1T,0,0,0,0,0,0,0,0,0,0,0,0,0
R_vowkGEAJRTIUs4p,0,0,0,0,0,0,0,0,0,0,0,0,0
R_SBJNlWKNRO4qhSp,0,0,0,0,0,0,0,0,0,0,0,0,0
R_28Sx4wMSalYIBKh,0,0,0,0,0,0,0,0,0,0,0,0,0
R_3fwLkDlur0KBW9g,0,0,0,0,0,0,0,0,0,0,0,0,0
R_A02wRILrrF7aB6p,0,0,0,0,0,0,0,0,0,0,0,0,0
R_1P0r1rZ0BORz9Vx,0,0,0,0,0,0,0,0,0,0,0,0,0
R_QfXoPuEP7ueVjHj,0,0,0,0,0,0,0,0,0,0,0,0,0
R_3MyxfzhhrhHQVV6,0,0,0,0,0,0,0,0,0,0,0,0,0
R_3JymHOabzqmJo4s,0,0,0,0,0,0,0,0,0,0,0,0,0
R_2agCekEzm7r6zph,0,0,0,0,0,0,0,0,0,0,0,0,0
R_3J5ko1J1PSnFv1z,0,0,0,0,0,0,0,0,0,0,0,0,0
R_2rNoFD4rnpKliu4,0,0,0,0,0,0,0,0,0,0,0,0,0
R_qQI6zAoe9pMcQIF,0,0,0,0,0,0,0,0,0,0,0,0,0
R_AAJLaoR27cTgyzL,0,0,0,0,0,0,0,0,0,0,0,0,0
R_2ZX5erC5mTPgDXX,0,0,0,0,0,0,0,0,0,0,0,0,0
R_1eLGWIAVs5kUJC3,0,0,0,0,0,0,0,0,0,0,0,0,0
R_ZlY7LVC9TAdpBJv,0,0,0,0,0,0,0,0,0,0,0,0,0
R_1JVnmeec2THZOiP,0,0,0,0,0,0,0,0,0,0,0,0,0
R_2xW47H6KAoHRiUO,0,0,0,0,0,0,0,0,0,0,0,0,0
R_1N48TMAF6gMvEGJ,0,0,0,0,0,0,0,0,0,0,0,0,0
R_33anNKyMaKgF98y,0,0,0,0,0,0,0,0,0,0,0,0,0
R_pa6hiRDYG3mFX0Z,0,0,0,0,0,0,0,0,0,0,0,0,0
R_Y65g8YN05PKoKDT,0,0,0,0,0,0,0,0,0,0,0,0,0
R_27dFLpifKrcayT7,0,0,0,0,0,0,0,0,0,0,0,0,0
R_3JKLanAdV3GlXef,0,0,0,0,0,0,0,0,0,0,0,0,0
R_T4PPYe8mDGqpJ5v,0,0,0,0,0,0,0,0,0,0,0,0,0
R_2S8HDSIyBf7Od5K,0,0,0,0,0,0,0,0,0,0,0,0,0
R_1kUmKJfBQrRLJBl,0,0,0,0,0,0,0,0,0,0,0,0,0
R_1gFRNViSy0PzOwj,0,0,0,0,0,0,0,0,0,0,0,0,0
R_3oO5QbmT9FQTqSQ,0,0,0,0,0,0,0,0,0,0,0,0,0
R_4GD2UYD3VF5ZdK1,0,0,0,0,0,0,0,0,0,0,0,0,0
R_2U5W2d2HisrYzac,0,0,0,0,0,0,0,0,0,0,0,0,0
R_22PUmmoJCNlmhzm,0,0,0,0,0,0,0,0,0,0,0,0,0
R_2EmZRuTmtxy2KNy,0,0,0,0,0,0,0,0,0,0,0,0,0
R_2VI6Edx3XtwuxZf,0,0,0,0,0,0,0,0,0,0,0,0,0
R_3qOMf9wkEVYwJBn,0,0,0,0,0,0,0,0,0,0,0,0,0
R_ZlxGJW5jZIbgcjD,0,0,0,0,0,0,0,0,0,0,0,0,0
R_bHO2fqmXZ3EgOGd,0,0,0,0,0,0,0,0,0,0,0,0,0
R_2EGLuYB2hcTPXgh,0,0,0,0,0,0,0,0,0,0,0,0,0
R_1CqHXzOsCCIb18n,0,0,0,0,0,0,0,0,0,0,0,0,0
R_2BnsAeMul8pWGyB,0,0,0,0,0,0,0,0,0,0,0,0,0
R_9nVA36U0Lq4E6QN,0,0,0,0,0,0,0,0,0,0,0,0,0
R_1r6aCCCJbY4fptU,0,0,0,0,0,0,0,0,0,0,0,0,0
R_2veNKjlQ0m05lt3,0,0,0,0,0,0,0,0,0,0,0,0,0
R_10OZOvu9zdhNv6z,0,0,0,0,0,0,0,0,0,0,0,0,0
R_1jAJGp4Ui1TTaZA,0,0,0,0,0,0,0,0,0,0,0,0,0
R_3e8gvwsWwPulQTV,0,0,0,0,0,0,0,0,0,0,0,0,0
R_1EiIP8nJbJUnxc4,0,0,0,0,0,0,0,0,0,0,0,0,0
R_4Zw60147Nsv0FTX,0,0,0,0,0,0,0,0,0,0,0,0,0
R_3Lju8yvErn1cOv6,0,0,0,0,0,0,0,0,0,0,0,0,0
R_27fdfXLmzHOFyO4,0,0,0,0,0,0,0,0,0,0,0,0,0
R_3jUq8B7DoMYQPFY,0,0,0,0,0,0,0,0,0,0,0,0,0
R_27JbwLRqi57UZXz,0,0,0,0,0,0,0,0,0,0,0,0,0
R_2QfGij8wI3b6cib,0,0,0,0,0,0,0,0,0,0,0,0,0
R_sLv69kiR7vnpc4N,0,0,0,0,0,0,0,0,0,0,0,0,0
R_3RxdlRR9kZtwz2V,0,0,0,0,0,0,0,0,0,0,0,0,0
R_1f7MJbRYWI0TvKx,0,0,0,0,0,0,0,0,0,0,0,0,0
R_2CIlvdfLonhdstX,0,0,0,0,0,0,0,0,0,0,0,0,0
R_1oz5yiSk6V5gDPl,0,0,0,0,0,0,0,0,0,0,0,0,0
R_2AKBaCYosR7vJhl,0,0,0,0,0,0,0,0,0,0,0,0,0
R_27TZV8eOwDJGuOn,0,0,0,0,0,0,0,0,0,0,0,0,0
R_1DBDT0NXHAZTXxL,0,0,0,0,0,0,0,0,0,0,0,0,0
R_ahDPPRUaein4xKF,0,0,0,0,0,0,0,0,0,0,0,0,0
R_cx0fImXPpRePB5L,0,0,0,0,0,0,0,0,0,0,0,0,0
R_2dMvQHGVOxvzrly,0,0,0,0,0,0,0,0,0,0,0,0,0
R_3UHW93biWbwqHyF,0,0,0,0,0,0,0,0,0,0,0,0,0
R_3MGTr66KGJzerI3,0,0,0,0,0,0,0,0,0,0,0,0,0
R_3noopEPhCXVfgUC,0,0,0,0,0,0,0,0,0,0,0,0,0
R_1eJ2IcrMjeGyjpU,0,0,0,0,0,0,0,0,0,0,0,0,0
R_tY6yPmSMTd4PRjH,0,0,0,0,0,0,0,0,0,0,0,0,0
R_2U0mWdfOVEn7Obn,0,0,0,0,0,0,0,0,0,0,0,0,0
R_2CjOZrlNbCSUpo0,0,0,0,0,0,0,0,0,0,0,0,0,0
R_1ePq1JtpAIPYxNu,0,0,0,0,0,0,0,0,0,0,0,0,0
R_3qO2BiXmF4WBp4z,0,0,0,0,0,0,0,0,0,0,0,0,0
R_2tnz11HJ7QaFc6I,0,0,0,0,0,0,0,0,0,0,0,0,0
R_3EEdEsfn5WOFFct,0,0,0,0,0,0,0,0,0,0,0,0,0
R_2SwdkT1W7cne1c7,0,0,0,0,0,0,0,0,0,0,0,0,0
R_3LY0HPZqGCEpUu2,0,0,0,0,0,0,0,0,0,0,0,0,0
R_zU6p1JzMmaSMbp7,0,0,0,0,0,0,0,0,0,0,0,0,0
R_1NafPsu4JJLpzzP,0,0,0,0,0,0,0,0,0,0,0,0,0
R_1GTbD7SrFwy7SoJ,0,0,0,0,0,0,0,0,0,0,0,0,0
R_1kIER1CXWQPKypr,0,0,0,0,0,0,0,0,0,0,0,0,0
R_1l60tD7DzseJ3ev,0,0,0,0,0,0,0,0,0,0,0,0,0
R_1f8D2MGzEVpN4qZ,0,0,0,0,0,0,0,0,0,0,0,0,0
R_1HnGXqi8vwrNXEX,0,0,0,0,0,0,0,0,0,0,0,0,0
R_W0qPClrUxHzVO1j,0,0,0,0,0,0,0,0,0,0,0,0,0
R_2fjG7Y2SrM9cqoj,0,0,0,0,0,0,0,0,0,0,0,0,0
R_29v46uLvNBAtVgV,0,0,0,0,0,0,0,0,0,0,0,0,0
R_1GU2TTcWihtLWTf,0,0,0,0,0,0,0,0,0,0,0,0,0
R_p6NCrc4bgH52hMt,0,0,0,0,0,0,0,0,0,0,0,0,0
R_2s7lDfbntj0j7MP,0,0,0,0,0,0,0,0,0,0,0,0,0
R_3n1W5UtvhC5p8EJ,0,0,0,0,0,0,0,0,0,0,0,0,0
R_2Bs4b914uylFclg,0,0,0,0,0,0,0,0,0,0,0,0,0
R_302xfN2iDuqN1UQ,0,0,0,0,0,0,0,0,0,0,0,0,0
R_cUARNeWlrawHTVf,0,0,0,0,0,0,0,0,0,0,0,0,0
R_1N8IMtF15ko7Ocb,0,0,0,0,0,0,0,0,0,0,0,0,0
R_3oAWUrU3wzEbguB,0,0,0,0,0,0,0,0,0,0,0,0,0
R_1od6sPZZqS3TFxr,0,0,0,0,0,0,0,0,0,0,0,0,0
R_1TFfBR7CaJlAbpn,0,0,0,0,0,0,0,0,0,0,0,0,0
R_3oHj806XL39Nry6,0,0,0,0,0,0,0,0,0,0,0,0,0
R_Dlbjznfa1sEcVLX,0,0,0,0,0,0,0,0,0,0,0,0,0
R_3szuds3w5C6oFKx,0,0,0,0,0,0,0,0,0,0,0,0,0
R_RkrS5CYbdJmtazD,0,0,0,0,0,0,0,0,0,0,0,0,0
R_3dJPjMWlnCknGfH,0,0,0,0,0,0,0,0,0,0,0,0,0
R_1Lb7NrQzfbtXCgZ,0,0,0,0,0,0,0,0,0,0,0,0,0
R_1jlH6uPin8HLZLe,0,0,0,0,0,0,0,0,0,0,0,0,0
R_2PpBAQEJYFJKFnA,0,0,0,0,0,0,0,0,0,0,0,0,0
R_eR1e0JMEgBVnCr7,0,0,0,0,0,0,0,0,0,0,0,0,0
R_a9llv27n1mp1Ihb,0,0,0,0,0,0,0,0,0,0,0,0,0
R_3fGFFJecNSB9zWY,0,0,0,0,0,0,0,0,0,0,0,0,0
R_2dLOzOHJKKa7oxk,0,0,0,0,0,0,0,0,0,0,0,0,0
R_3Dnpq4o2PozEo0q,0,0,0,0,0,0,0,0,0,0,0,0,0
R_6wZtlJk4R4Ng8c9,0,0,0,0,0,0,0,0,0,0,0,0,0
R_2waaGdpmfQw1Grb,0,0,0,0,0,0,0,0,0,0,0,0,0
R_1feboMp8VKDvgTs,0,0,0,0,0,0,0,0,0,0,0,0,0
R_SJl2ER61CM0gsed,0,0,0,0,0,0,0,0,0,0,0,0,0
R_20TfeK6SGhpiYdU,0,0,0,0,0,0,0,0,0,0,0,0,0
R_1Kdn4grZYUYzyW3,0,0,0,0,0,0,0,0,0,0,0,0,0
R_1g1kuN1Yweb0mF5,0,0,0,0,0,0,0,0,0,0,0,0,0
R_3MopHP6m5g5L0vt,0,0,0,0,0,0,0,0,0,0,0,0,0
R_2TLDlMjWLa9jARQ,0,0,0,0,0,0,0,0,0,0,0,0,0
R_2rT5lwVnuComtOM,0,0,0,0,0,0,0,0,0,0,0,0,0
R_1DTEWNDa6Lfjs7W,0,0,0,0,0,0,0,0,0,0,0,0,0
R_cDaliZzCOtBQDlv,0,0,0,0,0,0,0,0,0,0,0,0,0
R_3PGeWkjkDXQfrBZ,0,0,0,0,0,0,0,0,0,0,0,0,0
R_5nEV25NAas1GLN7,0,0,0,0,0,0,0,0,0,0,0,0,0
R_2pSOrU2OSppV73s,0,0,0,0,0,0,0,0,0,0,0,0,0
R_1ghAYJ2B9o6CpuD,0,0,0,0,0,0,0,0,0,0,0,0,0
R_3PnVDCzAJDAZsPR,0,0,0,0,0,0,0,0,0,0,0,0,0
R_3rGT0G3SD4vfnS2,0,0,0,0,0,0,0,0,0,0,0,0,0
R_1LujARRbpbUcAq0,0,0,0,0,0,0,0,0,0,0,0,0,0
R_5iDUi0pPZSkEZa1,0,0,0,0,0,0,0,0,0,0,0,0,0
R_2CymIH3RI2EXnWZ,0,0,0,0,0,0,0,0,0,0,0,0,0
R_W9vYtH7wSBaqBJT,0,0,0,0,0,0,0,0,0,0,0,0,0
R_1pnxB32YeMvaLM1,0,0,0,0,0,0,0,0,0,0,0,0,0
R_10qq9jNhiV0bO8A,0,0,0,0,0,0,0,0,0,0,0,0,0
R_12rny4Fs2A8l4Cn,0,0,0,0,0,0,0,0,0,0,0,0,0
R_Zf008unxM8T7nu9,0,0,0,0,0,0,0,0,0,0,0,0,0
R_bDzj8bUwvmIRuQV,0,0,0,0,0,0,0,0,0,0,0,0,0
R_37YIAbWvYswKPVT,0,0,0,0,0,0,0,0,0,0,0,0,0
R_cvYj1lLoG1E5Dxf,0,0,0,0,0,0,0,0,0,0,0,0,0
R_3jeyLTxzgVVHd2Z,0,0,0,0,0,0,0,0,0,0,0,0,0
R_1f0NgyEmDL9whsh,3,0,0,0,1,1,1,1,0,0,0,1,0
R_24pKnh8sQnKpeZC,0,0,0,0,0,0,0,0,0,0,0,0,0
R_2SrdFDy1F6ovpiA,0,0,0,0,0,0,0,0,0,0,0,0,0
R_6txLJmxoTTrgt7H,3,0,0,0,0,0,0,0,0,0,0,0,0
R_UQnn9hufKpRohvH,0,0,0,0,0,0,0,0,0,0,0,0,0
R_3HXLTIizAYVvoJ2,0,0,0,0,0,0,0,0,0,0,0,0,0
R_exO7MbIqDDaNM6R,2,0,0,0,0,1,0,1,0,0,0,0,0
R_vUHWfBz9y0DWNsR,1,0,0,1,1,0,0,0,0,1,0,1,1
R_1GVSH4imWy7Lmut,0,0,0,0,0,0,0,0,0,0,0,0,0
R_2Xd6g1OLe4TVPqZ,0,0,0,0,0,0,0,0,0,0,0,0,0
R_3RwjPoKv93JsDwI,0,0,0,0,0,0,0,0,0,0,0,0,0
R_26nbkDMjBSA7yo1,3,1,0,0,0,1,1,1,0,1,0,0,0
R_1HC0r7jZXjPmUpj,1,0,1,1,0,0,1,0,1,0,0,0,0
R_eP6KOWWxfifVDeV,0,0,0,0,0,0,0,0,0,0,0,0,0
R_2xRfDf4sTKeGmNi,3,1,0,1,0,1,0,0,1,0,0,0,0
R_egMiZV7ShDtufAJ,0,0,0,0,0,0,0,0,0,0,0,0,0
R_3DkdhL6FDE9qoIX,0,0,0,0,0,0,0,0,0,0,0,0,0
R_ROlGT05ow2Tkbnj,1,1,0,1,0,1,1,0,0,0,0,0,0
R_PYXWY2mdfwbQ7ZL,0,0,0,0,0,0,0,0,0,0,0,0,0
R_2QRp55eSI5UdIJR,3,0,0,1,0,0,0,0,0,0,1,0,0
R_2Vxru2YthJPKant,2,1,0,0,0,0,0,0,0,0,1,1,0
R_3Opls2XK7vRsrDC,3,0,0,0,0,0,0,0,0,0,0,1,0
R_1j9UWEQiWiLpwzz,0,0,0,0,0,0,0,0,0,0,0,0,0
R_yRb4zJWnB9cMKw9,1,0,0,0,1,1,0,0,0,1,1,0,0
R_VViIzMD0OYCtyut,1,0,0,1,0,1,0,1,0,1,1,0,0
R_27UrOiGfAj6Uvvy,1,0,0,0,0,1,1,1,0,0,0,0,0
R_aVGq255XnUYAHV7,3,0,0,1,0,0,0,1,0,0,1,1,0
R_3L5CQ8xcF9nYuSV,0,0,0,0,0,0,0,0,0,0,0,0,0
R_3DwIqpWRnKga29r,3,0,0,1,0,0,0,1,1,0,1,1,1
R_1n8BdrUNriRqLzd,1,0,0,0,0,2,1,0,0,1,0,1,0
R_2Y5n3GdN6Uqptg2,0,0,0,0,0,0,0,0,0,0,0,0,0
R_2VReMFzOWKiSTDb,2,1,0,0,0,0,0,0,0,0,0,0,0
R_ANmLdqTAORPU8sF,3,0,0,1,0,0,0,0,0,0,0,1,0
R_pn2cDZkCFztNPCV,1,0,0,0,1,1,0,0,0,0,1,0,0
R_1YXxgOHZzUlhhFD,3,0,0,1,0,0,0,0,0,0,0,1,0
R_3dERx9MMabHHgQ0,1,0,0,1,0,4,1,1,0,0,1,0,0
R_25HkRbJNj1umBjk,1,0,0,0,0,1,1,1,0,1,0,0,1
R_1oecgstnlucawQa,1,0,0,1,0,0,1,1,1,0,1,1,1
R_3MaOjSdmxEq7Cfa,1,0,0,1,0,1,1,0,1,1,1,1,0
R_3Pz5Crii0wkZGVu,1,0,0,0,1,0,0,0,0,0,1,0,0
R_XvrTyuTkYEso5yh,0,0,0,0,0,0,0,0,0,0,0,0,0
R_da37W7XumgfvFCh,3,0,0,1,0,0,0,0,0,0,1,1,0
R_1hR2iUjmExi75vj,2,1,1,0,0,0,0,0,0,0,0,0,0
R_27NJ6kQ8A8TFfLC,1,1,0,1,1,0,0,0,0,0,1,0,0
R_3Q00c7oKI5isOkN,0,0,0,0,0,0,0,0,0,0,0,0,0